-- INSERTS PARA CLIENTES
INSERT INTO clientes (id_cliente, nombre, documento, correo, telefono) VALUES (1, 'Cassandra Stevens', 57428549, 'diana41@gmail.com', '+1-779-370-3162x5863');
INSERT INTO clientes (id_cliente, nombre, documento, correo, telefono) VALUES (2, 'Keith Davila', 72243811, 'rparker@craig-rodriguez.com', '966.278.2526x77246');
INSERT INTO clientes (id_cliente, nombre, documento, correo, telefono) VALUES (3, 'John Khan', 92507457, 'petersonpeter@gmail.com', '071-578-1769x153');
INSERT INTO clientes (id_cliente, nombre, documento, correo, telefono) VALUES (4, 'Amanda Oliver', 70414703, 'vbrown@hotmail.com', '163-144-1850');
INSERT INTO clientes (id_cliente, nombre, documento, correo, telefono) VALUES (5, 'Sarah Clarke', 82732102, 'colton63@hotmail.com', '630-208-9510');
INSERT INTO clientes (id_cliente, nombre, documento, correo, telefono) VALUES (6, 'Tracy Mora', 38461929, 'plopez@gallagher.net', '001-668-512-9176x490');
INSERT INTO clientes (id_cliente, nombre, documento, correo, telefono) VALUES (7, 'Pamela Hinton', 59503850, 'felicia06@smith.com', '001-499-735-0988');
INSERT INTO clientes (id_cliente, nombre, documento, correo, telefono) VALUES (8, 'Rodney Downs', 59784171, 'kyle62@yahoo.com', '001-896-376-5456x1894');
INSERT INTO clientes (id_cliente, nombre, documento, correo, telefono) VALUES (9, 'Laurie Frost', 13335689, 'crangel@hotmail.com', '973-423-5972');
INSERT INTO clientes (id_cliente, nombre, documento, correo, telefono) VALUES (10, 'Colin Bush', 20369730, 'marybecker@hotmail.com', '+1-052-598-6789x3807');
INSERT INTO clientes (id_cliente, nombre, documento, correo, telefono) VALUES (11, 'Joyce Rosario', 26007928, 'utaylor@savage-johnson.com', '(740)296-5287');
INSERT INTO clientes (id_cliente, nombre, documento, correo, telefono) VALUES (12, 'Benjamin Dixon', 30197111, 'john40@yahoo.com', '073-318-6741');
INSERT INTO clientes (id_cliente, nombre, documento, correo, telefono) VALUES (13, 'Christopher Montgomery', 86959378, 'patriciarogers@turner-cain.com', '+1-668-078-1312x6523');
INSERT INTO clientes (id_cliente, nombre, documento, correo, telefono) VALUES (14, 'Amanda Larson', 23108311, 'bcollins@yahoo.com', '(080)085-5831x460');
INSERT INTO clientes (id_cliente, nombre, documento, correo, telefono) VALUES (15, 'Victoria Jones', 26654152, 'erictaylor@yahoo.com', '(798)173-2299x809');
INSERT INTO clientes (id_cliente, nombre, documento, correo, telefono) VALUES (16, 'Kelly Reid', 42317266, 'fnguyen@williams.net', '+1-146-367-3432x9896');
INSERT INTO clientes (id_cliente, nombre, documento, correo, telefono) VALUES (17, 'Amber Jones', 96740819, 'marissaschmidt@yahoo.com', '781-028-9543x24420');
INSERT INTO clientes (id_cliente, nombre, documento, correo, telefono) VALUES (18, 'Lisa Lopez', 48024477, 'eli@gmail.com', '001-621-891-9518x74356');
INSERT INTO clientes (id_cliente, nombre, documento, correo, telefono) VALUES (19, 'Jacob Davis', 61654722, 'gsmith@hotmail.com', '(949)211-1189');
INSERT INTO clientes (id_cliente, nombre, documento, correo, telefono) VALUES (20, 'Samantha Johnson', 59315747, 'taylorhouse@yahoo.com', '+1-229-560-5954');
INSERT INTO clientes (id_cliente, nombre, documento, correo, telefono) VALUES (21, 'Christopher Brewer', 43377344, 'hernandezmichelle@hotmail.com', '(309)129-5283');
INSERT INTO clientes (id_cliente, nombre, documento, correo, telefono) VALUES (22, 'Eric Lewis', 22402567, 'nicholas81@hotmail.com', '001-677-238-0555x9791');
INSERT INTO clientes (id_cliente, nombre, documento, correo, telefono) VALUES (23, 'James Smith', 12680408, 'franksmith@garcia.com', '+1-701-116-0380x5822');
INSERT INTO clientes (id_cliente, nombre, documento, correo, telefono) VALUES (24, 'Michael Fisher', 55231975, 'gmccormick@gmail.com', '001-050-984-3731x3097');
INSERT INTO clientes (id_cliente, nombre, documento, correo, telefono) VALUES (25, 'Aaron Turner', 77865885, 'wberry@rose.com', '001-767-673-2919');
INSERT INTO clientes (id_cliente, nombre, documento, correo, telefono) VALUES (26, 'Adam Callahan', 18906495, 'fcox@jordan.com', '643.622.1838x52126');
INSERT INTO clientes (id_cliente, nombre, documento, correo, telefono) VALUES (27, 'Victoria Bolton', 98749307, 'grace79@hotmail.com', '424.012.8079x16687');
INSERT INTO clientes (id_cliente, nombre, documento, correo, telefono) VALUES (28, 'Dr. Holly Maldonado', 54662908, 'fcoleman@hotmail.com', '+1-421-575-2397');
INSERT INTO clientes (id_cliente, nombre, documento, correo, telefono) VALUES (29, 'Rachel Arroyo', 81196186, 'andrewgonzalez@hotmail.com', '+1-497-359-0968');
INSERT INTO clientes (id_cliente, nombre, documento, correo, telefono) VALUES (30, 'Thomas Harper', 11574795, 'isabelwillis@simon.com', '001-097-378-9949x565');
INSERT INTO clientes (id_cliente, nombre, documento, correo, telefono) VALUES (31, 'Michael Bryant', 73031655, 'michelleperez@wallace-hudson.com', '+1-397-781-1787');
INSERT INTO clientes (id_cliente, nombre, documento, correo, telefono) VALUES (32, 'Jennifer White', 48173444, 'mholmes@rodriguez.com', '081-318-7221x47595');
INSERT INTO clientes (id_cliente, nombre, documento, correo, telefono) VALUES (33, 'Jacob Nelson', 39338095, 'kjuarez@hotmail.com', '001-226-189-1325');
INSERT INTO clientes (id_cliente, nombre, documento, correo, telefono) VALUES (34, 'Marisa Barrett', 18969971, 'mmoore@simon-williams.com', '(888)596-3215x97526');
INSERT INTO clientes (id_cliente, nombre, documento, correo, telefono) VALUES (35, 'Caleb Nguyen', 73968894, 'ronald44@yahoo.com', '199.806.6497x3996');
INSERT INTO clientes (id_cliente, nombre, documento, correo, telefono) VALUES (36, 'Paul Delgado', 24542303, 'allison30@gmail.com', '001-289-811-1897x90746');
INSERT INTO clientes (id_cliente, nombre, documento, correo, telefono) VALUES (37, 'Jennifer Casey', 47687369, 'graceblack@gmail.com', '(167)394-4474');
INSERT INTO clientes (id_cliente, nombre, documento, correo, telefono) VALUES (38, 'Elizabeth Lee', 85335692, 'bsweeney@gmail.com', '+1-292-743-2799x8751');
INSERT INTO clientes (id_cliente, nombre, documento, correo, telefono) VALUES (39, 'Lauren Davis', 63331547, 'christopher81@gmail.com', '871-467-8752x61595');
INSERT INTO clientes (id_cliente, nombre, documento, correo, telefono) VALUES (40, 'William Maynard', 13197890, 'anthony22@flores-gallagher.net', '+1-624-438-6805x90536');
INSERT INTO clientes (id_cliente, nombre, documento, correo, telefono) VALUES (41, 'Heather Wilson', 79816400, 'robinsonchristopher@hodge.com', '785-688-0989x736');
INSERT INTO clientes (id_cliente, nombre, documento, correo, telefono) VALUES (42, 'Jasmine Long', 20907161, 'richard83@gmail.com', '070.803.0648x391');
INSERT INTO clientes (id_cliente, nombre, documento, correo, telefono) VALUES (43, 'Kelly Bailey', 41527895, 'shane70@tran.com', '339-743-0648x068');
INSERT INTO clientes (id_cliente, nombre, documento, correo, telefono) VALUES (44, 'Charles Sweeney', 15004398, 'danielleach@yahoo.com', '001-283-280-1093');
INSERT INTO clientes (id_cliente, nombre, documento, correo, telefono) VALUES (45, 'Casey Harris', 42636964, 'marissawinters@casey.com', '(491)369-2916');
INSERT INTO clientes (id_cliente, nombre, documento, correo, telefono) VALUES (46, 'Brian Wall', 50601246, 'elizabeth07@austin.com', '(270)674-7475');
INSERT INTO clientes (id_cliente, nombre, documento, correo, telefono) VALUES (47, 'Tiffany Medina', 49999084, 'brownsamantha@martin.info', '+1-140-475-2958x110');
INSERT INTO clientes (id_cliente, nombre, documento, correo, telefono) VALUES (48, 'Bryce Bell', 81133720, 'datkinson@martin.com', '922.716.8787x912');
INSERT INTO clientes (id_cliente, nombre, documento, correo, telefono) VALUES (49, 'Laurie Berger', 38737913, 'justin38@yahoo.com', '025.551.8722x6303');
INSERT INTO clientes (id_cliente, nombre, documento, correo, telefono) VALUES (50, 'Elijah Reed', 17890152, 'pattersonvanessa@haynes.info', '001-964-707-5640');
INSERT INTO clientes (id_cliente, nombre, documento, correo, telefono) VALUES (51, 'Ms. Tina Frost', 55153503, 'davistodd@hotmail.com', '(924)335-9109');
INSERT INTO clientes (id_cliente, nombre, documento, correo, telefono) VALUES (52, 'Nicole Brown MD', 40680091, 'ryangilbert@yahoo.com', '+1-787-323-0975x596');
INSERT INTO clientes (id_cliente, nombre, documento, correo, telefono) VALUES (53, 'Angela Miller', 14362711, 'santiagoann@yahoo.com', '343-705-3698');
INSERT INTO clientes (id_cliente, nombre, documento, correo, telefono) VALUES (54, 'Edward Johnson', 15361893, 'randrews@morris-thomas.com', '(717)304-1805');
INSERT INTO clientes (id_cliente, nombre, documento, correo, telefono) VALUES (55, 'Brent King', 49429097, 'amy00@yahoo.com', '(617)436-9222');
INSERT INTO clientes (id_cliente, nombre, documento, correo, telefono) VALUES (56, 'Marie Pacheco', 60543916, 'robertacevedo@hotmail.com', '(558)590-6602');
INSERT INTO clientes (id_cliente, nombre, documento, correo, telefono) VALUES (57, 'Alicia Taylor', 98243936, 'john05@murillo.net', '825.256.0694x129');
INSERT INTO clientes (id_cliente, nombre, documento, correo, telefono) VALUES (58, 'Holly Howell', 58342116, 'carlamclaughlin@gmail.com', '(324)676-7499x02863');
INSERT INTO clientes (id_cliente, nombre, documento, correo, telefono) VALUES (59, 'Kristen Wilson', 64557869, 'kennedykyle@white.com', '001-554-105-5469x84769');
INSERT INTO clientes (id_cliente, nombre, documento, correo, telefono) VALUES (60, 'Scott Jones', 49485978, 'jose47@marshall.com', '549-304-3377');
INSERT INTO clientes (id_cliente, nombre, documento, correo, telefono) VALUES (61, 'Paul Andrews', 61566264, 'jeromefuentes@gray-martinez.com', '+1-829-028-6618x5667');
INSERT INTO clientes (id_cliente, nombre, documento, correo, telefono) VALUES (62, 'Joseph Molina', 71008143, 'ulopez@herrera.com', '(990)574-3986x68981');
INSERT INTO clientes (id_cliente, nombre, documento, correo, telefono) VALUES (63, 'Taylor Jones', 37703012, 'briansingh@gates.net', '+1-089-952-4428x01088');
INSERT INTO clientes (id_cliente, nombre, documento, correo, telefono) VALUES (64, 'Lisa Fields', 75062063, 'michelle66@richardson.com', '(198)527-9740x62205');
INSERT INTO clientes (id_cliente, nombre, documento, correo, telefono) VALUES (65, 'Linda Rivas', 98767853, 'kimberly66@yahoo.com', '061-923-7024');
INSERT INTO clientes (id_cliente, nombre, documento, correo, telefono) VALUES (66, 'Stephanie Hall', 63808361, 'ycampbell@hotmail.com', '2297464912');
INSERT INTO clientes (id_cliente, nombre, documento, correo, telefono) VALUES (67, 'Michael Hobbs', 16062054, 'josephknight@wilson-hampton.com', '794-972-6037');
INSERT INTO clientes (id_cliente, nombre, documento, correo, telefono) VALUES (68, 'Alyssa Hodges', 36546731, 'qdouglas@hotmail.com', '825-702-2283x439');
INSERT INTO clientes (id_cliente, nombre, documento, correo, telefono) VALUES (69, 'Michael Hernandez', 11650670, 'youngcody@yahoo.com', '060.741.4269x615');
INSERT INTO clientes (id_cliente, nombre, documento, correo, telefono) VALUES (70, 'Mrs. Jennifer Garrett', 38328355, 'adam56@wilson.com', '(024)113-6982x7530');
INSERT INTO clientes (id_cliente, nombre, documento, correo, telefono) VALUES (71, 'Rebecca Harmon', 35546068, 'frazierrichard@hotmail.com', '(670)610-0272x097');
INSERT INTO clientes (id_cliente, nombre, documento, correo, telefono) VALUES (72, 'Christopher Rose', 90304879, 'gina01@gmail.com', '(173)925-2013');
INSERT INTO clientes (id_cliente, nombre, documento, correo, telefono) VALUES (73, 'Mr. Michael Horton', 13040132, 'darren92@gmail.com', '5532461997');
INSERT INTO clientes (id_cliente, nombre, documento, correo, telefono) VALUES (74, 'Miss Cassandra Trevino DDS', 78895218, 'russellbilly@romero.com', '867.364.7352x66302');
INSERT INTO clientes (id_cliente, nombre, documento, correo, telefono) VALUES (75, 'Kelly Williams', 58994741, 'deanfreeman@adkins.com', '983.663.4687');
INSERT INTO clientes (id_cliente, nombre, documento, correo, telefono) VALUES (76, 'Anthony Tran', 12612445, 'garciabrian@yahoo.com', '001-119-228-3868x450');
INSERT INTO clientes (id_cliente, nombre, documento, correo, telefono) VALUES (77, 'Mindy Jones', 49311485, 'eharris@hotmail.com', '(871)945-9586');
INSERT INTO clientes (id_cliente, nombre, documento, correo, telefono) VALUES (78, 'Matthew Garcia', 25115969, 'scollins@hotmail.com', '001-860-944-9560');
INSERT INTO clientes (id_cliente, nombre, documento, correo, telefono) VALUES (79, 'William Jefferson', 25259612, 'zmatthews@hotmail.com', '+1-851-227-5211x70579');
INSERT INTO clientes (id_cliente, nombre, documento, correo, telefono) VALUES (80, 'Sandra Spears', 71009799, 'margaretmatthews@yahoo.com', '+1-803-812-4151x996');
INSERT INTO clientes (id_cliente, nombre, documento, correo, telefono) VALUES (81, 'Jacqueline Reynolds', 39073387, 'ssmith@smith.com', '2617270691');
INSERT INTO clientes (id_cliente, nombre, documento, correo, telefono) VALUES (82, 'John Ruiz', 62341853, 'tracy00@shea.net', '(409)704-1859x901');
INSERT INTO clientes (id_cliente, nombre, documento, correo, telefono) VALUES (83, 'Steven Sanchez', 41499256, 'scott40@chavez.biz', '408-528-8540x355');
INSERT INTO clientes (id_cliente, nombre, documento, correo, telefono) VALUES (84, 'Anthony Kirby', 10473026, 'nathanielharper@miller.com', '(360)883-8467x60743');
INSERT INTO clientes (id_cliente, nombre, documento, correo, telefono) VALUES (85, 'Jennifer Davis', 16679797, 'sarahanderson@yahoo.com', '+1-275-722-4022');
INSERT INTO clientes (id_cliente, nombre, documento, correo, telefono) VALUES (86, 'Kevin Cook', 52339024, 'michelle79@yahoo.com', '+1-329-613-7590x785');
INSERT INTO clientes (id_cliente, nombre, documento, correo, telefono) VALUES (87, 'Bill Campbell', 16045521, 'gregory80@gmail.com', '778.333.5583');
INSERT INTO clientes (id_cliente, nombre, documento, correo, telefono) VALUES (88, 'Cory Mcclain', 90933245, 'jill80@dixon.com', '(553)799-9698x88902');
INSERT INTO clientes (id_cliente, nombre, documento, correo, telefono) VALUES (89, 'Betty Collins', 89047003, 'michael51@gmail.com', '+1-024-126-1157x2999');
INSERT INTO clientes (id_cliente, nombre, documento, correo, telefono) VALUES (90, 'Don Smith', 47796791, 'abigail68@stewart.com', '368.959.6871');
INSERT INTO clientes (id_cliente, nombre, documento, correo, telefono) VALUES (91, 'Eric Martin', 19958438, 'christopher13@yahoo.com', '7555275364');
INSERT INTO clientes (id_cliente, nombre, documento, correo, telefono) VALUES (92, 'Michael Smith', 45337736, 'carteranthony@gmail.com', '(788)616-7545x9838');
INSERT INTO clientes (id_cliente, nombre, documento, correo, telefono) VALUES (93, 'Joseph May', 29830429, 'lwilliams@farrell.biz', '743.836.6035x9277');
INSERT INTO clientes (id_cliente, nombre, documento, correo, telefono) VALUES (94, 'Robin Smith', 84909355, 'dwright@hotmail.com', '001-195-879-6843');
INSERT INTO clientes (id_cliente, nombre, documento, correo, telefono) VALUES (95, 'Thomas Richardson', 91164457, 'nicole04@hotmail.com', '001-542-197-3688');
INSERT INTO clientes (id_cliente, nombre, documento, correo, telefono) VALUES (96, 'Kathleen Goodman PhD', 73321014, 'mwright@gmail.com', '(157)112-4954x3939');
INSERT INTO clientes (id_cliente, nombre, documento, correo, telefono) VALUES (97, 'David Soto', 64401454, 'blandry@wright.com', '624-555-3247x713');
INSERT INTO clientes (id_cliente, nombre, documento, correo, telefono) VALUES (98, 'Steven Rodriguez', 54579322, 'mauriceflynn@bruce-simon.com', '353-503-3325x37522');
INSERT INTO clientes (id_cliente, nombre, documento, correo, telefono) VALUES (99, 'Evan May', 77409139, 'gregoryortiz@gordon.info', '366-005-5113x336');
INSERT INTO clientes (id_cliente, nombre, documento, correo, telefono) VALUES (100, 'Angela Murphy', 25475045, 'linda34@gmail.com', '001-740-735-5707x86609');
INSERT INTO clientes (id_cliente, nombre, documento, correo, telefono) VALUES (101, 'Christine Carey', 37070561, 'lbrooks@yahoo.com', '(366)931-5190x04243');
INSERT INTO clientes (id_cliente, nombre, documento, correo, telefono) VALUES (102, 'Laurie Kemp', 20567249, 'williamho@gmail.com', '4895259581');
INSERT INTO clientes (id_cliente, nombre, documento, correo, telefono) VALUES (103, 'Jennifer Young', 65889158, 'cowanjames@gmail.com', '001-089-509-7468x42544');
INSERT INTO clientes (id_cliente, nombre, documento, correo, telefono) VALUES (104, 'Joseph Wright', 38900927, 'austinjennings@yahoo.com', '001-781-910-0538');
INSERT INTO clientes (id_cliente, nombre, documento, correo, telefono) VALUES (105, 'Elizabeth Brown', 75991250, 'bbaxter@miller-baker.com', '001-075-770-3852x761');
INSERT INTO clientes (id_cliente, nombre, documento, correo, telefono) VALUES (106, 'Billy Barron', 85917682, 'osborneamber@yahoo.com', '(720)330-1583');
INSERT INTO clientes (id_cliente, nombre, documento, correo, telefono) VALUES (107, 'John Wright', 16406026, 'robertmontoya@bowman.com', '8271063198');
INSERT INTO clientes (id_cliente, nombre, documento, correo, telefono) VALUES (108, 'Joe Hendrix', 42818784, 'sguzman@yahoo.com', '680.481.8872x683');
INSERT INTO clientes (id_cliente, nombre, documento, correo, telefono) VALUES (109, 'Melissa Davis', 23634185, 'edward02@yahoo.com', '850.762.8129x21071');
INSERT INTO clientes (id_cliente, nombre, documento, correo, telefono) VALUES (110, 'Anthony Newton', 43376257, 'rachelmoore@gmail.com', '033.067.1604x12871');
INSERT INTO clientes (id_cliente, nombre, documento, correo, telefono) VALUES (111, 'Alexander Marshall', 60040503, 'wwilson@gmail.com', '+1-989-497-6654');
INSERT INTO clientes (id_cliente, nombre, documento, correo, telefono) VALUES (112, 'Michelle Jenkins', 82609823, 'brianmcclure@long.com', '+1-789-726-2225');
INSERT INTO clientes (id_cliente, nombre, documento, correo, telefono) VALUES (113, 'Jonathan Francis', 50093441, 'tonya10@yahoo.com', '+1-748-378-1319x669');
INSERT INTO clientes (id_cliente, nombre, documento, correo, telefono) VALUES (114, 'Louis Lucas', 19317373, 'woodsmonica@gmail.com', '001-130-337-5871x8566');
INSERT INTO clientes (id_cliente, nombre, documento, correo, telefono) VALUES (115, 'Julie Anderson', 12961849, 'zmanning@gmail.com', '396-145-0246');
INSERT INTO clientes (id_cliente, nombre, documento, correo, telefono) VALUES (116, 'Ethan Sosa', 67887322, 'mary11@dyer.biz', '349-028-3477x254');
INSERT INTO clientes (id_cliente, nombre, documento, correo, telefono) VALUES (117, 'Joel Nichols', 22766196, 'jonespatricia@russell.com', '(746)496-1686');
INSERT INTO clientes (id_cliente, nombre, documento, correo, telefono) VALUES (118, 'Nathan Meza', 32864487, 'lopezedward@hotmail.com', '001-181-082-8730x9577');
INSERT INTO clientes (id_cliente, nombre, documento, correo, telefono) VALUES (119, 'Kim Leach', 13549566, 'raymonddominguez@gmail.com', '(618)604-8214x607');
INSERT INTO clientes (id_cliente, nombre, documento, correo, telefono) VALUES (120, 'David Nguyen', 24203028, 'sarah92@herman.net', '+1-112-040-2088');
INSERT INTO clientes (id_cliente, nombre, documento, correo, telefono) VALUES (121, 'Jeffrey Sullivan', 90080119, 'edwin25@stone-ward.net', '449-648-5991x4175');
INSERT INTO clientes (id_cliente, nombre, documento, correo, telefono) VALUES (122, 'Jake Mosley', 90352350, 'dennis69@hotmail.com', '4274603347');
INSERT INTO clientes (id_cliente, nombre, documento, correo, telefono) VALUES (123, 'Sarah Coleman', 43744689, 'sdiaz@nelson.com', '267-738-1629');
INSERT INTO clientes (id_cliente, nombre, documento, correo, telefono) VALUES (124, 'Timothy Rios', 86081721, 'feliciariggs@hotmail.com', '(906)685-2754');
INSERT INTO clientes (id_cliente, nombre, documento, correo, telefono) VALUES (125, 'Dana Sandoval', 85322626, 'ashleycole@hotmail.com', '+1-188-918-5544x616');
INSERT INTO clientes (id_cliente, nombre, documento, correo, telefono) VALUES (126, 'Tracy Martin', 76256347, 'lchurch@gmail.com', '(450)220-5484x7890');
INSERT INTO clientes (id_cliente, nombre, documento, correo, telefono) VALUES (127, 'Leah Blake', 27024523, 'thomas19@bush.com', '579-440-9951');
INSERT INTO clientes (id_cliente, nombre, documento, correo, telefono) VALUES (128, 'Michael Whitaker', 93653441, 'stewartnicole@ward.info', '343-867-5010x483');
INSERT INTO clientes (id_cliente, nombre, documento, correo, telefono) VALUES (129, 'Joshua Stevens', 35266911, 'jason08@yahoo.com', '928.337.7476');
INSERT INTO clientes (id_cliente, nombre, documento, correo, telefono) VALUES (130, 'Joshua Roberts', 62227493, 'vreed@harmon.com', '(551)718-6088');
INSERT INTO clientes (id_cliente, nombre, documento, correo, telefono) VALUES (131, 'Jessica Hall', 57247539, 'zdiaz@yahoo.com', '001-871-278-0281x77461');
INSERT INTO clientes (id_cliente, nombre, documento, correo, telefono) VALUES (132, 'Amanda Williams', 17986037, 'andersonangela@hernandez-freeman.com', '+1-654-343-9545x156');
INSERT INTO clientes (id_cliente, nombre, documento, correo, telefono) VALUES (133, 'Gina Hanson', 80858917, 'frances11@coffey.net', '460.848.7219x401');
INSERT INTO clientes (id_cliente, nombre, documento, correo, telefono) VALUES (134, 'Shannon Ortega', 67739709, 'douglassmith@gmail.com', '+1-403-590-7468x2544');
INSERT INTO clientes (id_cliente, nombre, documento, correo, telefono) VALUES (135, 'Gregory Hale', 15551926, 'juliewiley@griffin.info', '749.712.8990x3593');
INSERT INTO clientes (id_cliente, nombre, documento, correo, telefono) VALUES (136, 'Timothy Dunn', 11431209, 'katie66@villarreal.com', '5121371599');
INSERT INTO clientes (id_cliente, nombre, documento, correo, telefono) VALUES (137, 'Jeremy Marshall', 83789165, 'rkennedy@yahoo.com', '4834313760');
INSERT INTO clientes (id_cliente, nombre, documento, correo, telefono) VALUES (138, 'Kenneth Crawford', 95039147, 'scottbarry@gmail.com', '318.372.9510x034');
INSERT INTO clientes (id_cliente, nombre, documento, correo, telefono) VALUES (139, 'Erik Carter', 50294805, 'monique25@hensley.com', '001-966-815-2456x8248');
INSERT INTO clientes (id_cliente, nombre, documento, correo, telefono) VALUES (140, 'Candice Hall', 73979519, 'xsmith@gmail.com', '749-642-8345');
INSERT INTO clientes (id_cliente, nombre, documento, correo, telefono) VALUES (141, 'Joshua Dillon', 27117134, 'scott46@gmail.com', '+1-923-325-8426x664');
INSERT INTO clientes (id_cliente, nombre, documento, correo, telefono) VALUES (142, 'Jeremy Key', 61904013, 'jeffrey97@hotmail.com', '001-576-204-6493x667');
INSERT INTO clientes (id_cliente, nombre, documento, correo, telefono) VALUES (143, 'Rhonda Evans', 41092932, 'davisrebecca@taylor-davenport.net', '001-956-022-1991x26501');
INSERT INTO clientes (id_cliente, nombre, documento, correo, telefono) VALUES (144, 'Victoria Myers', 88921548, 'meganboyer@hotmail.com', '001-086-804-0770x48024');
INSERT INTO clientes (id_cliente, nombre, documento, correo, telefono) VALUES (145, 'Lisa Ortega', 64468850, 'ftapia@yahoo.com', '001-964-874-8596');
INSERT INTO clientes (id_cliente, nombre, documento, correo, telefono) VALUES (146, 'William Rodriguez', 35655272, 'vhaynes@hotmail.com', '001-291-373-8490');
INSERT INTO clientes (id_cliente, nombre, documento, correo, telefono) VALUES (147, 'Marvin Smith', 71903522, 'emilythompson@carroll.org', '150-489-8469');
INSERT INTO clientes (id_cliente, nombre, documento, correo, telefono) VALUES (148, 'Mark Nash', 97375533, 'julie95@gmail.com', '180.478.0574x740');
INSERT INTO clientes (id_cliente, nombre, documento, correo, telefono) VALUES (149, 'Brittany Atkins', 26509884, 'lisa61@brown-rasmussen.biz', '001-024-915-2430x2924');
INSERT INTO clientes (id_cliente, nombre, documento, correo, telefono) VALUES (150, 'Patricia Webb', 81035821, 'jessemarquez@yahoo.com', '(552)960-2583x13368');
INSERT INTO clientes (id_cliente, nombre, documento, correo, telefono) VALUES (151, 'Brian Mitchell', 65166006, 'jennifer97@yahoo.com', '001-636-454-3560x253');
INSERT INTO clientes (id_cliente, nombre, documento, correo, telefono) VALUES (152, 'Adriana Hernandez', 33267923, 'kirk62@gmail.com', '+1-953-133-5140x4863');
INSERT INTO clientes (id_cliente, nombre, documento, correo, telefono) VALUES (153, 'Barbara Mclaughlin', 79931237, 'chadjenkins@hotmail.com', '394.275.6141x12758');
INSERT INTO clientes (id_cliente, nombre, documento, correo, telefono) VALUES (154, 'Taylor Rosales', 71333466, 'darin85@hotmail.com', '+1-153-598-5561x47752');
INSERT INTO clientes (id_cliente, nombre, documento, correo, telefono) VALUES (155, 'Kevin Smith', 15548473, 'christopher64@barrera-elliott.com', '+1-647-792-1752x14076');
INSERT INTO clientes (id_cliente, nombre, documento, correo, telefono) VALUES (156, 'Nancy Gonzalez', 57148463, 'sonya37@yahoo.com', '(681)238-3258x100');
INSERT INTO clientes (id_cliente, nombre, documento, correo, telefono) VALUES (157, 'Amanda Mejia', 66807059, 'woodbrandon@diaz.biz', '6374670027');
INSERT INTO clientes (id_cliente, nombre, documento, correo, telefono) VALUES (158, 'Glen Brown', 49819063, 'shannonbrown@hotmail.com', '8302080790');
INSERT INTO clientes (id_cliente, nombre, documento, correo, telefono) VALUES (159, 'Christine Webb', 63163715, 'bpage@hotmail.com', '001-801-057-2821x55169');
INSERT INTO clientes (id_cliente, nombre, documento, correo, telefono) VALUES (160, 'Herbert Lane', 90152773, 'erinmiller@gmail.com', '001-924-840-1803x578');
INSERT INTO clientes (id_cliente, nombre, documento, correo, telefono) VALUES (161, 'Kenneth Phillips', 61654916, 'ggibson@gmail.com', '+1-231-878-8004x65662');
INSERT INTO clientes (id_cliente, nombre, documento, correo, telefono) VALUES (162, 'Lorraine Jones', 62169248, 'walkeramanda@burgess-craig.net', '(999)935-2140x226');
INSERT INTO clientes (id_cliente, nombre, documento, correo, telefono) VALUES (163, 'Michelle Parks', 39366313, 'angelasexton@farley-lucas.net', '4591816655');
INSERT INTO clientes (id_cliente, nombre, documento, correo, telefono) VALUES (164, 'John Cooper', 43695109, 'oconnoralexander@stuart.com', '+1-783-165-2926x997');
INSERT INTO clientes (id_cliente, nombre, documento, correo, telefono) VALUES (165, 'Jacob Gregory', 42952998, 'steve92@hotmail.com', '(582)824-7019');
INSERT INTO clientes (id_cliente, nombre, documento, correo, telefono) VALUES (166, 'Kari Anderson', 86091321, 'diamond08@clark-roberts.org', '001-452-348-0224x1740');
INSERT INTO clientes (id_cliente, nombre, documento, correo, telefono) VALUES (167, 'Mrs. Amy Hall', 66984095, 'melissa87@yahoo.com', '001-899-615-9563x2237');
INSERT INTO clientes (id_cliente, nombre, documento, correo, telefono) VALUES (168, 'Stacey Jackson', 79260173, 'thomas27@ortiz-harrington.com', '7560355166');
INSERT INTO clientes (id_cliente, nombre, documento, correo, telefono) VALUES (169, 'Edward Osborne', 89620966, 'vmyers@knox.com', '001-332-694-6984x806');
INSERT INTO clientes (id_cliente, nombre, documento, correo, telefono) VALUES (170, 'Chelsey Oconnor', 26135265, 'leedavid@hotmail.com', '(648)714-4261x6968');
INSERT INTO clientes (id_cliente, nombre, documento, correo, telefono) VALUES (171, 'Allison Roberts', 36434148, 'acollins@yahoo.com', '001-753-541-1231x300');
INSERT INTO clientes (id_cliente, nombre, documento, correo, telefono) VALUES (172, 'Tony Smith', 40694511, 'ychan@yahoo.com', '(673)060-5246');
INSERT INTO clientes (id_cliente, nombre, documento, correo, telefono) VALUES (173, 'Lacey Reynolds', 28046528, 'tbaker@dennis.info', '475.936.2371x27060');
INSERT INTO clientes (id_cliente, nombre, documento, correo, telefono) VALUES (174, 'Maria Davidson', 12197448, 'michael59@arnold.org', '617.059.3171x9734');
INSERT INTO clientes (id_cliente, nombre, documento, correo, telefono) VALUES (175, 'Rebecca Wilson', 62384292, 'robertwhite@douglas.net', '891-844-8344x59383');
INSERT INTO clientes (id_cliente, nombre, documento, correo, telefono) VALUES (176, 'Rebecca Shaffer', 84593043, 'hjordan@gmail.com', '+1-879-002-9476x894');
INSERT INTO clientes (id_cliente, nombre, documento, correo, telefono) VALUES (177, 'Alejandro Harris', 15217702, 'grayanthony@lee-wood.com', '596-114-6439');
INSERT INTO clientes (id_cliente, nombre, documento, correo, telefono) VALUES (178, 'Jesus Lewis', 45560520, 'gregory26@gmail.com', '063-254-5816x61078');
INSERT INTO clientes (id_cliente, nombre, documento, correo, telefono) VALUES (179, 'Jacqueline Fletcher', 10157367, 'caleb33@yahoo.com', '3805010574');
INSERT INTO clientes (id_cliente, nombre, documento, correo, telefono) VALUES (180, 'Gary Thornton', 45254680, 'danielamanda@gutierrez-wright.com', '556-157-2617x71056');
INSERT INTO clientes (id_cliente, nombre, documento, correo, telefono) VALUES (181, 'Robert Jordan', 59898112, 'lisa02@miller-dalton.info', '+1-289-491-8923');
INSERT INTO clientes (id_cliente, nombre, documento, correo, telefono) VALUES (182, 'Heather Valentine', 60456801, 'larrystone@chang.info', '(761)343-8658');
INSERT INTO clientes (id_cliente, nombre, documento, correo, telefono) VALUES (183, 'Anthony Williams', 36475213, 'patrick68@davis-morgan.info', '001-259-597-6680x09310');
INSERT INTO clientes (id_cliente, nombre, documento, correo, telefono) VALUES (184, 'Linda Lester', 84141942, 'gerald24@hotmail.com', '012-533-3221');
INSERT INTO clientes (id_cliente, nombre, documento, correo, telefono) VALUES (185, 'Ariel Graham', 31940738, 'pcruz@yahoo.com', '+1-141-852-0109x65438');
INSERT INTO clientes (id_cliente, nombre, documento, correo, telefono) VALUES (186, 'James Burke', 40793344, 'cody94@jones-goodwin.com', '+1-410-266-5401');
INSERT INTO clientes (id_cliente, nombre, documento, correo, telefono) VALUES (187, 'Steven Nolan', 14800673, 'thomasrogers@thomas.com', '029.327.9565x925');
INSERT INTO clientes (id_cliente, nombre, documento, correo, telefono) VALUES (188, 'April Woods', 20643454, 'kaitlyn95@dunn.org', '+1-923-631-3773x51081');
INSERT INTO clientes (id_cliente, nombre, documento, correo, telefono) VALUES (189, 'Maria Ward', 97621495, 'stanleyangela@gmail.com', '594.830.4302');
INSERT INTO clientes (id_cliente, nombre, documento, correo, telefono) VALUES (190, 'Victoria Garcia', 98021338, 'dbaker@gmail.com', '+1-610-848-7471');
INSERT INTO clientes (id_cliente, nombre, documento, correo, telefono) VALUES (191, 'Tammy Wyatt', 33914962, 'eyoung@hotmail.com', '+1-045-009-2112x554');
INSERT INTO clientes (id_cliente, nombre, documento, correo, telefono) VALUES (192, 'Bethany Watson', 94049334, 'allisonjuarez@gmail.com', '026.348.4185');
INSERT INTO clientes (id_cliente, nombre, documento, correo, telefono) VALUES (193, 'Sarah Moran DVM', 29383268, 'iarnold@ferguson-hall.com', '373-640-1718');
INSERT INTO clientes (id_cliente, nombre, documento, correo, telefono) VALUES (194, 'Lisa Morgan', 14202762, 'tpowers@meyer.com', '748.291.0353');
INSERT INTO clientes (id_cliente, nombre, documento, correo, telefono) VALUES (195, 'Elizabeth Dillon', 25623799, 'susanwoods@hotmail.com', '(069)685-6774');
INSERT INTO clientes (id_cliente, nombre, documento, correo, telefono) VALUES (196, 'Rick Leon', 67129417, 'mchristensen@yahoo.com', '107-010-4230x566');
INSERT INTO clientes (id_cliente, nombre, documento, correo, telefono) VALUES (197, 'Paul May', 36099904, 'thomas41@murphy-brown.com', '937.824.1197');
INSERT INTO clientes (id_cliente, nombre, documento, correo, telefono) VALUES (198, 'Catherine Williams', 82812381, 'tonilambert@hotmail.com', '583.085.1389x4976');
INSERT INTO clientes (id_cliente, nombre, documento, correo, telefono) VALUES (199, 'Brandon Sparks', 23779341, 'lesliejohnson@gomez-white.net', '432.516.1068x82258');
INSERT INTO clientes (id_cliente, nombre, documento, correo, telefono) VALUES (200, 'Erica Rodgers', 40543285, 'keith60@gibson-johnson.org', '363.716.1533');
INSERT INTO clientes (id_cliente, nombre, documento, correo, telefono) VALUES (201, 'Laura Zimmerman', 79085695, 'jessica60@gmail.com', '893.198.5572');
INSERT INTO clientes (id_cliente, nombre, documento, correo, telefono) VALUES (202, 'Michael Evans', 63755901, 'john35@yahoo.com', '+1-488-027-9333x2011');
INSERT INTO clientes (id_cliente, nombre, documento, correo, telefono) VALUES (203, 'Tyler Evans', 91648364, 'grayanthony@gmail.com', '219.457.1057x5421');
INSERT INTO clientes (id_cliente, nombre, documento, correo, telefono) VALUES (204, 'Carolyn Hawkins', 66376877, 'ghubbard@hotmail.com', '449-771-4510x12503');
INSERT INTO clientes (id_cliente, nombre, documento, correo, telefono) VALUES (205, 'Daniel Rodgers', 22968110, 'morganteresa@flores.com', '+1-473-229-9760');
INSERT INTO clientes (id_cliente, nombre, documento, correo, telefono) VALUES (206, 'Dr. Caroline Hull', 91455856, 'kimberlymanning@gmail.com', '0815921126');
INSERT INTO clientes (id_cliente, nombre, documento, correo, telefono) VALUES (207, 'Jermaine Bautista', 16099092, 'jennifer14@thompson.info', '001-524-392-4608x852');
INSERT INTO clientes (id_cliente, nombre, documento, correo, telefono) VALUES (208, 'Leslie Hubbard', 96298245, 'teresagrimes@hotmail.com', '(978)167-4723x8941');
INSERT INTO clientes (id_cliente, nombre, documento, correo, telefono) VALUES (209, 'Angela Moore', 56137659, 'smithdiana@davis.com', '001-964-950-2634x25789');
INSERT INTO clientes (id_cliente, nombre, documento, correo, telefono) VALUES (210, 'Heather White', 99889209, 'tamara44@patel.com', '+1-497-165-1280x35667');
INSERT INTO clientes (id_cliente, nombre, documento, correo, telefono) VALUES (211, 'Matthew Mcgee', 17892873, 'isabel95@cardenas-johns.biz', '179-285-2445x039');
INSERT INTO clientes (id_cliente, nombre, documento, correo, telefono) VALUES (212, 'Kelly Baker', 28347853, 'amybyrd@mitchell-adams.com', '001-032-465-1765x745');
INSERT INTO clientes (id_cliente, nombre, documento, correo, telefono) VALUES (213, 'Emily Miller', 40346100, 'juliarichardson@hotmail.com', '(093)683-0130x106');
INSERT INTO clientes (id_cliente, nombre, documento, correo, telefono) VALUES (214, 'Jennifer Robinson', 32364091, 'hallalyssa@owens.com', '(256)383-7126x49812');
INSERT INTO clientes (id_cliente, nombre, documento, correo, telefono) VALUES (215, 'Jody Berg', 92326777, 'sandovalangela@cervantes.biz', '435.707.5112x7404');
INSERT INTO clientes (id_cliente, nombre, documento, correo, telefono) VALUES (216, 'Kathy Dawson', 56349426, 'michaelcampbell@griffin-sanchez.com', '+1-710-244-8109');
INSERT INTO clientes (id_cliente, nombre, documento, correo, telefono) VALUES (217, 'William Franklin', 65750176, 'mosescourtney@lewis-cooper.biz', '001-678-427-1455x58805');
INSERT INTO clientes (id_cliente, nombre, documento, correo, telefono) VALUES (218, 'Ernest Johnson', 13014663, 'lorettasmith@hotmail.com', '3669742538');
INSERT INTO clientes (id_cliente, nombre, documento, correo, telefono) VALUES (219, 'Justin Yoder', 16280044, 'julie64@yahoo.com', '815-220-0743x952');
INSERT INTO clientes (id_cliente, nombre, documento, correo, telefono) VALUES (220, 'Erin Conway', 35605422, 'greenalexis@shepherd.com', '021.079.8499');
INSERT INTO clientes (id_cliente, nombre, documento, correo, telefono) VALUES (221, 'Jordan Alexander', 49183171, 'caroline78@hotmail.com', '001-467-075-7135x8784');
INSERT INTO clientes (id_cliente, nombre, documento, correo, telefono) VALUES (222, 'Edwin Thompson', 72302413, 'danielle49@miles-logan.com', '224-568-3519');
INSERT INTO clientes (id_cliente, nombre, documento, correo, telefono) VALUES (223, 'Gerald Ortiz', 97760210, 'jose35@gmail.com', '001-708-251-6030x772');
INSERT INTO clientes (id_cliente, nombre, documento, correo, telefono) VALUES (224, 'William Hall', 89711312, 'velezchristina@lin-neal.com', '+1-910-896-5550x8897');
INSERT INTO clientes (id_cliente, nombre, documento, correo, telefono) VALUES (225, 'Donald Taylor', 96861390, 'xfinley@gmail.com', '898-063-2584x704');
INSERT INTO clientes (id_cliente, nombre, documento, correo, telefono) VALUES (226, 'Anthony Wagner', 64970145, 'daniellejones@hotmail.com', '734-543-7372');
INSERT INTO clientes (id_cliente, nombre, documento, correo, telefono) VALUES (227, 'Luis White', 72334238, 'sarah23@hotmail.com', '(503)443-7901');
INSERT INTO clientes (id_cliente, nombre, documento, correo, telefono) VALUES (228, 'Joanna Deleon', 28621307, 'catherine09@hotmail.com', '001-158-264-3875x1873');
INSERT INTO clientes (id_cliente, nombre, documento, correo, telefono) VALUES (229, 'Rebecca Harding', 43587642, 'andrewhooper@johnson-anderson.info', '(394)765-2268x4551');
INSERT INTO clientes (id_cliente, nombre, documento, correo, telefono) VALUES (230, 'Kristin Daniel', 72458045, 'sarahgibson@gmail.com', '+1-371-493-5770x017');
INSERT INTO clientes (id_cliente, nombre, documento, correo, telefono) VALUES (231, 'Justin Hammond', 68499707, 'john31@gmail.com', '966-565-9095x4677');
INSERT INTO clientes (id_cliente, nombre, documento, correo, telefono) VALUES (232, 'Amanda Dennis', 22376786, 'hornewilliam@gmail.com', '654.010.2989x7164');
INSERT INTO clientes (id_cliente, nombre, documento, correo, telefono) VALUES (233, 'Ashley Delacruz', 26272758, 'daniellebennett@gmail.com', '(193)464-8529');
INSERT INTO clientes (id_cliente, nombre, documento, correo, telefono) VALUES (234, 'Matthew Frazier', 32279982, 'websterchad@reyes.com', '(261)537-6500');
INSERT INTO clientes (id_cliente, nombre, documento, correo, telefono) VALUES (235, 'Thomas Hill', 43246800, 'jenniferwilson@barnes.biz', '(258)310-8343x295');
INSERT INTO clientes (id_cliente, nombre, documento, correo, telefono) VALUES (236, 'Heather Lowe', 30444946, 'johnsonlisa@dyer.org', '(243)531-1975x441');
INSERT INTO clientes (id_cliente, nombre, documento, correo, telefono) VALUES (237, 'William Davis', 94695123, 'jesusbrown@howard.com', '649-123-2541');
INSERT INTO clientes (id_cliente, nombre, documento, correo, telefono) VALUES (238, 'Amber Brown', 79438955, 'johncohen@baker.net', '(697)209-4853x47088');
INSERT INTO clientes (id_cliente, nombre, documento, correo, telefono) VALUES (239, 'David Garza', 88592706, 'wintersjasmine@hotmail.com', '+1-744-240-8054');
INSERT INTO clientes (id_cliente, nombre, documento, correo, telefono) VALUES (240, 'Erica Hanson', 83055879, 'randy37@garrison.net', '468.683.1147x26556');
INSERT INTO clientes (id_cliente, nombre, documento, correo, telefono) VALUES (241, 'Kevin Lopez', 71000839, 'joelmarshall@strickland.com', '+1-740-620-5551x73645');
INSERT INTO clientes (id_cliente, nombre, documento, correo, telefono) VALUES (242, 'Julie Mccormick', 55179829, 'heidihenry@middleton-boyd.com', '824-407-2618');
INSERT INTO clientes (id_cliente, nombre, documento, correo, telefono) VALUES (243, 'Valerie Padilla', 91398510, 'mark40@gmail.com', '(915)433-1656x0327');
INSERT INTO clientes (id_cliente, nombre, documento, correo, telefono) VALUES (244, 'Joshua Page', 30735140, 'zrice@christensen.biz', '962-931-5787x0426');
INSERT INTO clientes (id_cliente, nombre, documento, correo, telefono) VALUES (245, 'Jessica Gutierrez', 35204249, 'thomasjohnson@hines.biz', '202.426.2973x2809');
INSERT INTO clientes (id_cliente, nombre, documento, correo, telefono) VALUES (246, 'David Harris', 55339712, 'david16@reynolds-gay.com', '1048856133');
INSERT INTO clientes (id_cliente, nombre, documento, correo, telefono) VALUES (247, 'Jeffery Jones', 87658599, 'jacobpittman@hotmail.com', '(636)153-8590');
INSERT INTO clientes (id_cliente, nombre, documento, correo, telefono) VALUES (248, 'Travis Cook', 35254070, 'clinescott@herman-green.org', '(127)954-3979');
INSERT INTO clientes (id_cliente, nombre, documento, correo, telefono) VALUES (249, 'Richard Saunders', 21142985, 'phamtamara@gmail.com', '589-883-9510x00139');
INSERT INTO clientes (id_cliente, nombre, documento, correo, telefono) VALUES (250, 'Judith Jacobs', 34027056, 'robert85@clark.org', '948-287-3381x1046');
INSERT INTO clientes (id_cliente, nombre, documento, correo, telefono) VALUES (251, 'Michael Miller', 12132026, 'diane52@johnson.com', '001-106-947-0738x32792');
INSERT INTO clientes (id_cliente, nombre, documento, correo, telefono) VALUES (252, 'Frederick Morris', 18015728, 'ericandrews@lutz-matthews.biz', '(295)299-0288x949');
INSERT INTO clientes (id_cliente, nombre, documento, correo, telefono) VALUES (253, 'Julie Sanchez', 79450187, 'louis96@gmail.com', '127.525.0768');
INSERT INTO clientes (id_cliente, nombre, documento, correo, telefono) VALUES (254, 'Robert Scott', 86854987, 'mullinstina@henry-ho.org', '8639753625');
INSERT INTO clientes (id_cliente, nombre, documento, correo, telefono) VALUES (255, 'Lucas Johnson', 90483937, 'wanda61@baker-perez.com', '326-476-5187x11896');
INSERT INTO clientes (id_cliente, nombre, documento, correo, telefono) VALUES (256, 'Joseph Gutierrez', 99686727, 'jenniferglenn@yahoo.com', '318.593.5206x625');
INSERT INTO clientes (id_cliente, nombre, documento, correo, telefono) VALUES (257, 'Brian Nguyen', 98436143, 'tbaker@yahoo.com', '+1-461-106-8074x11892');
INSERT INTO clientes (id_cliente, nombre, documento, correo, telefono) VALUES (258, 'Donna Thomas', 86102423, 'danielburns@benjamin-cruz.com', '263-822-0529x0536');
INSERT INTO clientes (id_cliente, nombre, documento, correo, telefono) VALUES (259, 'Robert Adams', 69929426, 'erin53@gmail.com', '001-110-658-3810x2715');
INSERT INTO clientes (id_cliente, nombre, documento, correo, telefono) VALUES (260, 'Cassandra Green', 95702946, 'andrewfaulkner@hotmail.com', '001-766-482-0555x11808');
INSERT INTO clientes (id_cliente, nombre, documento, correo, telefono) VALUES (261, 'Christopher Perez', 95555039, 'adam78@williams.com', '151.893.8850x590');
INSERT INTO clientes (id_cliente, nombre, documento, correo, telefono) VALUES (262, 'Christopher Kennedy', 16222947, 'douglas48@hotmail.com', '553.214.7849x299');
INSERT INTO clientes (id_cliente, nombre, documento, correo, telefono) VALUES (263, 'Kevin Jackson', 95724152, 'michaelguerrero@hotmail.com', '6404776175');
INSERT INTO clientes (id_cliente, nombre, documento, correo, telefono) VALUES (264, 'Jennifer Holloway', 72321838, 'opeterson@harrison.net', '(113)647-4519x745');
INSERT INTO clientes (id_cliente, nombre, documento, correo, telefono) VALUES (265, 'Megan Mckee', 14192494, 'pmckay@butler.biz', '839.087.9811x2876');
INSERT INTO clientes (id_cliente, nombre, documento, correo, telefono) VALUES (266, 'Ian Curtis', 16333487, 'glam@hall-perry.com', '(192)611-4590');
INSERT INTO clientes (id_cliente, nombre, documento, correo, telefono) VALUES (267, 'Denise Garcia', 16511668, 'thomas91@yahoo.com', '507-104-7722');
INSERT INTO clientes (id_cliente, nombre, documento, correo, telefono) VALUES (268, 'Peter Davis', 51516622, 'bgray@yahoo.com', '(373)378-9703x810');
INSERT INTO clientes (id_cliente, nombre, documento, correo, telefono) VALUES (269, 'Martha Owens', 75912513, 'rasmussenbrandon@gmail.com', '(386)674-7446');
INSERT INTO clientes (id_cliente, nombre, documento, correo, telefono) VALUES (270, 'Betty Edwards', 60853649, 'whayes@weber.biz', '(256)288-3873x270');
INSERT INTO clientes (id_cliente, nombre, documento, correo, telefono) VALUES (271, 'Angela Parker', 56357511, 'otyler@gmail.com', '+1-471-787-2414x0664');
INSERT INTO clientes (id_cliente, nombre, documento, correo, telefono) VALUES (272, 'Jason Olson', 25293450, 'sean35@gmail.com', '482.190.5609');
INSERT INTO clientes (id_cliente, nombre, documento, correo, telefono) VALUES (273, 'Eric Mejia', 79054097, 'pachecocarlos@clark.org', '389-753-0753x4847');
INSERT INTO clientes (id_cliente, nombre, documento, correo, telefono) VALUES (274, 'Jonathan Lyons', 90013839, 'vanessawhite@gmail.com', '(935)536-3197x57487');
INSERT INTO clientes (id_cliente, nombre, documento, correo, telefono) VALUES (275, 'Stephanie Garcia', 79351428, 'shale@jones.com', '001-612-557-8396x326');
INSERT INTO clientes (id_cliente, nombre, documento, correo, telefono) VALUES (276, 'Kimberly Edwards', 36871089, 'sydney49@gmail.com', '151-424-9745x878');
INSERT INTO clientes (id_cliente, nombre, documento, correo, telefono) VALUES (277, 'Kim Sims', 62291631, 'whitelaura@crawford.org', '001-494-332-0880');
INSERT INTO clientes (id_cliente, nombre, documento, correo, telefono) VALUES (278, 'Kenneth Jackson', 21434907, 'fromero@bell-hopkins.com', '999-087-9340x344');
INSERT INTO clientes (id_cliente, nombre, documento, correo, telefono) VALUES (279, 'Jim Ware', 78842309, 'vaughnjeffrey@gmail.com', '600.321.5027x24660');
INSERT INTO clientes (id_cliente, nombre, documento, correo, telefono) VALUES (280, 'Calvin Brown', 10525291, 'kyle82@gross.com', '(580)940-4537x95215');
INSERT INTO clientes (id_cliente, nombre, documento, correo, telefono) VALUES (281, 'James Johnston', 96477045, 'stephaniehayes@yahoo.com', '(845)369-3481x651');
INSERT INTO clientes (id_cliente, nombre, documento, correo, telefono) VALUES (282, 'Justin Gregory III', 58256988, 'zgarner@welch.com', '001-397-153-2104');
INSERT INTO clientes (id_cliente, nombre, documento, correo, telefono) VALUES (283, 'Crystal Young', 48204824, 'anthony79@robinson.biz', '085.152.7205x06725');
INSERT INTO clientes (id_cliente, nombre, documento, correo, telefono) VALUES (284, 'Joan Lawson', 89481840, 'mitchellclarke@anderson.com', '4050875256');
INSERT INTO clientes (id_cliente, nombre, documento, correo, telefono) VALUES (285, 'Jessica Little', 27528153, 'dfisher@decker.com', '193.514.7060');
INSERT INTO clientes (id_cliente, nombre, documento, correo, telefono) VALUES (286, 'Michelle Zavala', 27388560, 'oglenn@yahoo.com', '+1-434-549-5986');
INSERT INTO clientes (id_cliente, nombre, documento, correo, telefono) VALUES (287, 'Jessica Henderson', 54016173, 'richardwiggins@gmail.com', '(454)380-4413x693');
INSERT INTO clientes (id_cliente, nombre, documento, correo, telefono) VALUES (288, 'Cynthia Martinez', 29664426, 'jamesmoore@yahoo.com', '+1-588-696-1931x922');
INSERT INTO clientes (id_cliente, nombre, documento, correo, telefono) VALUES (289, 'Brandon Jackson', 58129042, 'harrisjason@blake.com', '001-546-766-0181x014');
INSERT INTO clientes (id_cliente, nombre, documento, correo, telefono) VALUES (290, 'Tiffany Miller', 40542758, 'lydia87@little.com', '(706)095-1255x545');
INSERT INTO clientes (id_cliente, nombre, documento, correo, telefono) VALUES (291, 'Shannon Brown', 14720099, 'autumn01@gmail.com', '001-403-915-0028x202');
INSERT INTO clientes (id_cliente, nombre, documento, correo, telefono) VALUES (292, 'Eric French', 83626489, 'ztorres@gmail.com', '456-015-6597x992');
INSERT INTO clientes (id_cliente, nombre, documento, correo, telefono) VALUES (293, 'Pamela Ramirez', 14833185, 'butlerdana@gmail.com', '516-264-8248x460');
INSERT INTO clientes (id_cliente, nombre, documento, correo, telefono) VALUES (294, 'Matthew George', 36678575, 'ngentry@hotmail.com', '(368)785-3548');
INSERT INTO clientes (id_cliente, nombre, documento, correo, telefono) VALUES (295, 'Curtis Smith', 85912710, 'danielnelson@hotmail.com', '6482371897');
INSERT INTO clientes (id_cliente, nombre, documento, correo, telefono) VALUES (296, 'Mrs. Natalie Roach', 29284884, 'youngdonald@brown.info', '582-721-4359x47064');
INSERT INTO clientes (id_cliente, nombre, documento, correo, telefono) VALUES (297, 'Carla Mendoza', 77769109, 'erin01@gmail.com', '001-039-686-4119');
INSERT INTO clientes (id_cliente, nombre, documento, correo, telefono) VALUES (298, 'Jenna Richardson', 55504249, 'stacey67@gmail.com', '001-166-659-1127x82565');
INSERT INTO clientes (id_cliente, nombre, documento, correo, telefono) VALUES (299, 'Ronald Chambers', 30473400, 'james86@mills.com', '001-136-289-9677x448');
INSERT INTO clientes (id_cliente, nombre, documento, correo, telefono) VALUES (300, 'Megan Moran', 18133727, 'dmartin@snyder.com', '001-659-410-3662');

-- INSERTS PARA HABITACIONES
INSERT INTO habitaciones (id_habitacion, tipo, precio_noche, piso, estado) VALUES (1, 'Simple', 324.97, 5, 'Mantenimiento');
INSERT INTO habitaciones (id_habitacion, tipo, precio_noche, piso, estado) VALUES (2, 'Suite', 423.07, 2, 'Mantenimiento');
INSERT INTO habitaciones (id_habitacion, tipo, precio_noche, piso, estado) VALUES (3, 'Doble', 474.52, 4, 'Disponible');
INSERT INTO habitaciones (id_habitacion, tipo, precio_noche, piso, estado) VALUES (4, 'Doble', 442.48, 4, 'Disponible');
INSERT INTO habitaciones (id_habitacion, tipo, precio_noche, piso, estado) VALUES (5, 'Doble', 374.38, 5, 'Ocupado');
INSERT INTO habitaciones (id_habitacion, tipo, precio_noche, piso, estado) VALUES (6, 'Simple', 410.21, 4, 'Mantenimiento');
INSERT INTO habitaciones (id_habitacion, tipo, precio_noche, piso, estado) VALUES (7, 'Suite', 420.41, 4, 'Mantenimiento');
INSERT INTO habitaciones (id_habitacion, tipo, precio_noche, piso, estado) VALUES (8, 'Simple', 266.52, 3, 'Disponible');
INSERT INTO habitaciones (id_habitacion, tipo, precio_noche, piso, estado) VALUES (9, 'Suite', 421.25, 2, 'Disponible');
INSERT INTO habitaciones (id_habitacion, tipo, precio_noche, piso, estado) VALUES (10, 'Suite', 220.76, 4, 'Mantenimiento');
INSERT INTO habitaciones (id_habitacion, tipo, precio_noche, piso, estado) VALUES (11, 'Doble', 296.28, 4, 'Ocupado');
INSERT INTO habitaciones (id_habitacion, tipo, precio_noche, piso, estado) VALUES (12, 'Suite', 202.82, 1, 'Ocupado');
INSERT INTO habitaciones (id_habitacion, tipo, precio_noche, piso, estado) VALUES (13, 'Suite', 245.33, 5, 'Disponible');
INSERT INTO habitaciones (id_habitacion, tipo, precio_noche, piso, estado) VALUES (14, 'Doble', 183.05, 2, 'Mantenimiento');
INSERT INTO habitaciones (id_habitacion, tipo, precio_noche, piso, estado) VALUES (15, 'Suite', 389.41, 3, 'Ocupado');
INSERT INTO habitaciones (id_habitacion, tipo, precio_noche, piso, estado) VALUES (16, 'Simple', 302.84, 5, 'Disponible');
INSERT INTO habitaciones (id_habitacion, tipo, precio_noche, piso, estado) VALUES (17, 'Doble', 262.84, 2, 'Ocupado');
INSERT INTO habitaciones (id_habitacion, tipo, precio_noche, piso, estado) VALUES (18, 'Simple', 247.12, 5, 'Ocupado');
INSERT INTO habitaciones (id_habitacion, tipo, precio_noche, piso, estado) VALUES (19, 'Simple', 237.79, 3, 'Disponible');
INSERT INTO habitaciones (id_habitacion, tipo, precio_noche, piso, estado) VALUES (20, 'Doble', 359.39, 4, 'Mantenimiento');
INSERT INTO habitaciones (id_habitacion, tipo, precio_noche, piso, estado) VALUES (21, 'Suite', 201.34, 5, 'Disponible');
INSERT INTO habitaciones (id_habitacion, tipo, precio_noche, piso, estado) VALUES (22, 'Simple', 294.64, 1, 'Mantenimiento');
INSERT INTO habitaciones (id_habitacion, tipo, precio_noche, piso, estado) VALUES (23, 'Doble', 183.14, 5, 'Mantenimiento');
INSERT INTO habitaciones (id_habitacion, tipo, precio_noche, piso, estado) VALUES (24, 'Simple', 422.93, 2, 'Disponible');
INSERT INTO habitaciones (id_habitacion, tipo, precio_noche, piso, estado) VALUES (25, 'Suite', 309.62, 1, 'Disponible');
INSERT INTO habitaciones (id_habitacion, tipo, precio_noche, piso, estado) VALUES (26, 'Simple', 328.24, 2, 'Ocupado');
INSERT INTO habitaciones (id_habitacion, tipo, precio_noche, piso, estado) VALUES (27, 'Simple', 376.91, 3, 'Disponible');
INSERT INTO habitaciones (id_habitacion, tipo, precio_noche, piso, estado) VALUES (28, 'Suite', 205.23, 5, 'Ocupado');
INSERT INTO habitaciones (id_habitacion, tipo, precio_noche, piso, estado) VALUES (29, 'Doble', 220.94, 2, 'Disponible');
INSERT INTO habitaciones (id_habitacion, tipo, precio_noche, piso, estado) VALUES (30, 'Suite', 272.43, 5, 'Ocupado');
INSERT INTO habitaciones (id_habitacion, tipo, precio_noche, piso, estado) VALUES (31, 'Simple', 164.8, 2, 'Mantenimiento');
INSERT INTO habitaciones (id_habitacion, tipo, precio_noche, piso, estado) VALUES (32, 'Suite', 329.12, 5, 'Mantenimiento');
INSERT INTO habitaciones (id_habitacion, tipo, precio_noche, piso, estado) VALUES (33, 'Doble', 142.85, 1, 'Ocupado');
INSERT INTO habitaciones (id_habitacion, tipo, precio_noche, piso, estado) VALUES (34, 'Suite', 319.6, 2, 'Disponible');
INSERT INTO habitaciones (id_habitacion, tipo, precio_noche, piso, estado) VALUES (35, 'Doble', 261.91, 3, 'Ocupado');
INSERT INTO habitaciones (id_habitacion, tipo, precio_noche, piso, estado) VALUES (36, 'Suite', 217.37, 3, 'Disponible');
INSERT INTO habitaciones (id_habitacion, tipo, precio_noche, piso, estado) VALUES (37, 'Doble', 210.59, 3, 'Mantenimiento');
INSERT INTO habitaciones (id_habitacion, tipo, precio_noche, piso, estado) VALUES (38, 'Doble', 226.45, 1, 'Disponible');
INSERT INTO habitaciones (id_habitacion, tipo, precio_noche, piso, estado) VALUES (39, 'Suite', 422.19, 4, 'Mantenimiento');
INSERT INTO habitaciones (id_habitacion, tipo, precio_noche, piso, estado) VALUES (40, 'Doble', 155.07, 4, 'Ocupado');
INSERT INTO habitaciones (id_habitacion, tipo, precio_noche, piso, estado) VALUES (41, 'Suite', 149.88, 1, 'Ocupado');
INSERT INTO habitaciones (id_habitacion, tipo, precio_noche, piso, estado) VALUES (42, 'Doble', 310.25, 2, 'Mantenimiento');
INSERT INTO habitaciones (id_habitacion, tipo, precio_noche, piso, estado) VALUES (43, 'Simple', 319.82, 2, 'Mantenimiento');
INSERT INTO habitaciones (id_habitacion, tipo, precio_noche, piso, estado) VALUES (44, 'Suite', 352.45, 5, 'Disponible');
INSERT INTO habitaciones (id_habitacion, tipo, precio_noche, piso, estado) VALUES (45, 'Simple', 246.99, 1, 'Mantenimiento');
INSERT INTO habitaciones (id_habitacion, tipo, precio_noche, piso, estado) VALUES (46, 'Simple', 151.75, 5, 'Mantenimiento');
INSERT INTO habitaciones (id_habitacion, tipo, precio_noche, piso, estado) VALUES (47, 'Doble', 306.79, 3, 'Ocupado');
INSERT INTO habitaciones (id_habitacion, tipo, precio_noche, piso, estado) VALUES (48, 'Simple', 101.5, 1, 'Mantenimiento');
INSERT INTO habitaciones (id_habitacion, tipo, precio_noche, piso, estado) VALUES (49, 'Suite', 196.14, 3, 'Disponible');
INSERT INTO habitaciones (id_habitacion, tipo, precio_noche, piso, estado) VALUES (50, 'Simple', 366.7, 1, 'Mantenimiento');

-- INSERTS PARA RESERVAS
INSERT INTO reservas (id_reserva, id_cliente, fecha_ingreso, fecha_salida, estado) VALUES (1, 28, '2025-04-19', '2025-04-22', 'Activa');
INSERT INTO reservas (id_reserva, id_cliente, fecha_ingreso, fecha_salida, estado) VALUES (2, 192, '2023-11-24', '2023-12-01', 'Activa');
INSERT INTO reservas (id_reserva, id_cliente, fecha_ingreso, fecha_salida, estado) VALUES (3, 247, '2024-04-24', '2024-04-25', 'Activa');
INSERT INTO reservas (id_reserva, id_cliente, fecha_ingreso, fecha_salida, estado) VALUES (4, 28, '2024-08-19', '2024-08-24', 'Cancelada');
INSERT INTO reservas (id_reserva, id_cliente, fecha_ingreso, fecha_salida, estado) VALUES (5, 261, '2023-08-30', '2023-09-02', 'Finalizada');
INSERT INTO reservas (id_reserva, id_cliente, fecha_ingreso, fecha_salida, estado) VALUES (6, 187, '2024-01-23', '2024-01-26', 'Activa');
INSERT INTO reservas (id_reserva, id_cliente, fecha_ingreso, fecha_salida, estado) VALUES (7, 295, '2023-11-09', '2023-11-14', 'Activa');
INSERT INTO reservas (id_reserva, id_cliente, fecha_ingreso, fecha_salida, estado) VALUES (8, 85, '2025-04-17', '2025-04-21', 'Finalizada');
INSERT INTO reservas (id_reserva, id_cliente, fecha_ingreso, fecha_salida, estado) VALUES (9, 208, '2025-05-19', '2025-05-23', 'Activa');
INSERT INTO reservas (id_reserva, id_cliente, fecha_ingreso, fecha_salida, estado) VALUES (10, 11, '2025-05-23', '2025-05-30', 'Finalizada');
INSERT INTO reservas (id_reserva, id_cliente, fecha_ingreso, fecha_salida, estado) VALUES (11, 121, '2025-04-18', '2025-04-22', 'Activa');
INSERT INTO reservas (id_reserva, id_cliente, fecha_ingreso, fecha_salida, estado) VALUES (12, 44, '2024-11-22', '2024-11-28', 'Cancelada');
INSERT INTO reservas (id_reserva, id_cliente, fecha_ingreso, fecha_salida, estado) VALUES (13, 15, '2024-09-03', '2024-09-08', 'Finalizada');
INSERT INTO reservas (id_reserva, id_cliente, fecha_ingreso, fecha_salida, estado) VALUES (14, 35, '2025-05-01', '2025-05-03', 'Activa');
INSERT INTO reservas (id_reserva, id_cliente, fecha_ingreso, fecha_salida, estado) VALUES (15, 175, '2024-11-20', '2024-11-24', 'Finalizada');
INSERT INTO reservas (id_reserva, id_cliente, fecha_ingreso, fecha_salida, estado) VALUES (16, 273, '2024-09-27', '2024-10-03', 'Cancelada');
INSERT INTO reservas (id_reserva, id_cliente, fecha_ingreso, fecha_salida, estado) VALUES (17, 193, '2025-04-02', '2025-04-09', 'Finalizada');
INSERT INTO reservas (id_reserva, id_cliente, fecha_ingreso, fecha_salida, estado) VALUES (18, 226, '2024-07-12', '2024-07-13', 'Activa');
INSERT INTO reservas (id_reserva, id_cliente, fecha_ingreso, fecha_salida, estado) VALUES (19, 77, '2025-01-14', '2025-01-21', 'Cancelada');
INSERT INTO reservas (id_reserva, id_cliente, fecha_ingreso, fecha_salida, estado) VALUES (20, 175, '2023-08-06', '2023-08-11', 'Finalizada');
INSERT INTO reservas (id_reserva, id_cliente, fecha_ingreso, fecha_salida, estado) VALUES (21, 51, '2024-09-25', '2024-09-26', 'Cancelada');
INSERT INTO reservas (id_reserva, id_cliente, fecha_ingreso, fecha_salida, estado) VALUES (22, 274, '2024-03-16', '2024-03-22', 'Finalizada');
INSERT INTO reservas (id_reserva, id_cliente, fecha_ingreso, fecha_salida, estado) VALUES (23, 55, '2024-01-09', '2024-01-16', 'Activa');
INSERT INTO reservas (id_reserva, id_cliente, fecha_ingreso, fecha_salida, estado) VALUES (24, 58, '2024-03-19', '2024-03-20', 'Activa');
INSERT INTO reservas (id_reserva, id_cliente, fecha_ingreso, fecha_salida, estado) VALUES (25, 38, '2025-05-30', '2025-06-03', 'Finalizada');
INSERT INTO reservas (id_reserva, id_cliente, fecha_ingreso, fecha_salida, estado) VALUES (26, 80, '2024-04-24', '2024-04-28', 'Finalizada');
INSERT INTO reservas (id_reserva, id_cliente, fecha_ingreso, fecha_salida, estado) VALUES (27, 181, '2024-01-19', '2024-01-20', 'Activa');
INSERT INTO reservas (id_reserva, id_cliente, fecha_ingreso, fecha_salida, estado) VALUES (28, 3, '2025-03-23', '2025-03-28', 'Cancelada');
INSERT INTO reservas (id_reserva, id_cliente, fecha_ingreso, fecha_salida, estado) VALUES (29, 243, '2024-05-30', '2024-05-31', 'Finalizada');
INSERT INTO reservas (id_reserva, id_cliente, fecha_ingreso, fecha_salida, estado) VALUES (30, 20, '2023-07-26', '2023-08-02', 'Cancelada');
INSERT INTO reservas (id_reserva, id_cliente, fecha_ingreso, fecha_salida, estado) VALUES (31, 271, '2023-09-04', '2023-09-11', 'Finalizada');
INSERT INTO reservas (id_reserva, id_cliente, fecha_ingreso, fecha_salida, estado) VALUES (32, 160, '2023-10-19', '2023-10-23', 'Finalizada');
INSERT INTO reservas (id_reserva, id_cliente, fecha_ingreso, fecha_salida, estado) VALUES (33, 30, '2023-07-29', '2023-07-30', 'Cancelada');
INSERT INTO reservas (id_reserva, id_cliente, fecha_ingreso, fecha_salida, estado) VALUES (34, 145, '2023-12-16', '2023-12-20', 'Cancelada');
INSERT INTO reservas (id_reserva, id_cliente, fecha_ingreso, fecha_salida, estado) VALUES (35, 254, '2024-04-10', '2024-04-17', 'Cancelada');
INSERT INTO reservas (id_reserva, id_cliente, fecha_ingreso, fecha_salida, estado) VALUES (36, 183, '2025-05-07', '2025-05-09', 'Finalizada');
INSERT INTO reservas (id_reserva, id_cliente, fecha_ingreso, fecha_salida, estado) VALUES (37, 225, '2024-08-12', '2024-08-19', 'Activa');
INSERT INTO reservas (id_reserva, id_cliente, fecha_ingreso, fecha_salida, estado) VALUES (38, 94, '2023-08-22', '2023-08-29', 'Cancelada');
INSERT INTO reservas (id_reserva, id_cliente, fecha_ingreso, fecha_salida, estado) VALUES (39, 167, '2024-05-14', '2024-05-17', 'Finalizada');
INSERT INTO reservas (id_reserva, id_cliente, fecha_ingreso, fecha_salida, estado) VALUES (40, 227, '2024-06-13', '2024-06-17', 'Finalizada');
INSERT INTO reservas (id_reserva, id_cliente, fecha_ingreso, fecha_salida, estado) VALUES (41, 164, '2025-03-12', '2025-03-13', 'Finalizada');
INSERT INTO reservas (id_reserva, id_cliente, fecha_ingreso, fecha_salida, estado) VALUES (42, 205, '2024-04-29', '2024-04-30', 'Cancelada');
INSERT INTO reservas (id_reserva, id_cliente, fecha_ingreso, fecha_salida, estado) VALUES (43, 55, '2024-07-14', '2024-07-18', 'Activa');
INSERT INTO reservas (id_reserva, id_cliente, fecha_ingreso, fecha_salida, estado) VALUES (44, 94, '2024-09-01', '2024-09-08', 'Cancelada');
INSERT INTO reservas (id_reserva, id_cliente, fecha_ingreso, fecha_salida, estado) VALUES (45, 215, '2024-09-25', '2024-09-29', 'Cancelada');
INSERT INTO reservas (id_reserva, id_cliente, fecha_ingreso, fecha_salida, estado) VALUES (46, 80, '2024-09-14', '2024-09-16', 'Cancelada');
INSERT INTO reservas (id_reserva, id_cliente, fecha_ingreso, fecha_salida, estado) VALUES (47, 198, '2024-07-27', '2024-08-02', 'Activa');
INSERT INTO reservas (id_reserva, id_cliente, fecha_ingreso, fecha_salida, estado) VALUES (48, 175, '2023-08-03', '2023-08-05', 'Finalizada');
INSERT INTO reservas (id_reserva, id_cliente, fecha_ingreso, fecha_salida, estado) VALUES (49, 256, '2024-01-14', '2024-01-16', 'Activa');
INSERT INTO reservas (id_reserva, id_cliente, fecha_ingreso, fecha_salida, estado) VALUES (50, 171, '2023-12-23', '2023-12-25', 'Activa');
INSERT INTO reservas (id_reserva, id_cliente, fecha_ingreso, fecha_salida, estado) VALUES (51, 109, '2024-10-16', '2024-10-19', 'Cancelada');
INSERT INTO reservas (id_reserva, id_cliente, fecha_ingreso, fecha_salida, estado) VALUES (52, 192, '2024-09-15', '2024-09-20', 'Finalizada');
INSERT INTO reservas (id_reserva, id_cliente, fecha_ingreso, fecha_salida, estado) VALUES (53, 227, '2024-12-01', '2024-12-05', 'Finalizada');
INSERT INTO reservas (id_reserva, id_cliente, fecha_ingreso, fecha_salida, estado) VALUES (54, 133, '2024-02-26', '2024-02-28', 'Activa');
INSERT INTO reservas (id_reserva, id_cliente, fecha_ingreso, fecha_salida, estado) VALUES (55, 50, '2024-02-23', '2024-02-29', 'Finalizada');
INSERT INTO reservas (id_reserva, id_cliente, fecha_ingreso, fecha_salida, estado) VALUES (56, 221, '2024-03-19', '2024-03-26', 'Cancelada');
INSERT INTO reservas (id_reserva, id_cliente, fecha_ingreso, fecha_salida, estado) VALUES (57, 64, '2024-01-03', '2024-01-04', 'Activa');
INSERT INTO reservas (id_reserva, id_cliente, fecha_ingreso, fecha_salida, estado) VALUES (58, 285, '2023-10-29', '2023-11-01', 'Cancelada');
INSERT INTO reservas (id_reserva, id_cliente, fecha_ingreso, fecha_salida, estado) VALUES (59, 244, '2025-03-01', '2025-03-04', 'Cancelada');
INSERT INTO reservas (id_reserva, id_cliente, fecha_ingreso, fecha_salida, estado) VALUES (60, 129, '2024-07-30', '2024-07-31', 'Activa');
INSERT INTO reservas (id_reserva, id_cliente, fecha_ingreso, fecha_salida, estado) VALUES (61, 223, '2025-06-01', '2025-06-03', 'Activa');
INSERT INTO reservas (id_reserva, id_cliente, fecha_ingreso, fecha_salida, estado) VALUES (62, 128, '2024-02-04', '2024-02-11', 'Cancelada');
INSERT INTO reservas (id_reserva, id_cliente, fecha_ingreso, fecha_salida, estado) VALUES (63, 177, '2024-10-17', '2024-10-21', 'Activa');
INSERT INTO reservas (id_reserva, id_cliente, fecha_ingreso, fecha_salida, estado) VALUES (64, 95, '2023-08-01', '2023-08-03', 'Finalizada');
INSERT INTO reservas (id_reserva, id_cliente, fecha_ingreso, fecha_salida, estado) VALUES (65, 86, '2024-09-05', '2024-09-09', 'Cancelada');
INSERT INTO reservas (id_reserva, id_cliente, fecha_ingreso, fecha_salida, estado) VALUES (66, 48, '2023-09-07', '2023-09-09', 'Cancelada');
INSERT INTO reservas (id_reserva, id_cliente, fecha_ingreso, fecha_salida, estado) VALUES (67, 43, '2024-09-30', '2024-10-05', 'Finalizada');
INSERT INTO reservas (id_reserva, id_cliente, fecha_ingreso, fecha_salida, estado) VALUES (68, 169, '2025-02-20', '2025-02-24', 'Finalizada');
INSERT INTO reservas (id_reserva, id_cliente, fecha_ingreso, fecha_salida, estado) VALUES (69, 65, '2025-05-23', '2025-05-25', 'Activa');
INSERT INTO reservas (id_reserva, id_cliente, fecha_ingreso, fecha_salida, estado) VALUES (70, 205, '2024-09-09', '2024-09-11', 'Cancelada');
INSERT INTO reservas (id_reserva, id_cliente, fecha_ingreso, fecha_salida, estado) VALUES (71, 101, '2024-06-23', '2024-06-30', 'Finalizada');
INSERT INTO reservas (id_reserva, id_cliente, fecha_ingreso, fecha_salida, estado) VALUES (72, 139, '2024-04-02', '2024-04-06', 'Activa');
INSERT INTO reservas (id_reserva, id_cliente, fecha_ingreso, fecha_salida, estado) VALUES (73, 282, '2024-09-09', '2024-09-12', 'Finalizada');
INSERT INTO reservas (id_reserva, id_cliente, fecha_ingreso, fecha_salida, estado) VALUES (74, 123, '2024-07-06', '2024-07-07', 'Finalizada');
INSERT INTO reservas (id_reserva, id_cliente, fecha_ingreso, fecha_salida, estado) VALUES (75, 4, '2024-03-12', '2024-03-15', 'Activa');
INSERT INTO reservas (id_reserva, id_cliente, fecha_ingreso, fecha_salida, estado) VALUES (76, 166, '2024-09-14', '2024-09-16', 'Activa');
INSERT INTO reservas (id_reserva, id_cliente, fecha_ingreso, fecha_salida, estado) VALUES (77, 121, '2024-06-08', '2024-06-10', 'Cancelada');
INSERT INTO reservas (id_reserva, id_cliente, fecha_ingreso, fecha_salida, estado) VALUES (78, 244, '2024-03-09', '2024-03-11', 'Finalizada');
INSERT INTO reservas (id_reserva, id_cliente, fecha_ingreso, fecha_salida, estado) VALUES (79, 275, '2024-02-07', '2024-02-14', 'Finalizada');
INSERT INTO reservas (id_reserva, id_cliente, fecha_ingreso, fecha_salida, estado) VALUES (80, 110, '2023-10-23', '2023-10-24', 'Cancelada');
INSERT INTO reservas (id_reserva, id_cliente, fecha_ingreso, fecha_salida, estado) VALUES (81, 85, '2025-02-15', '2025-02-18', 'Activa');
INSERT INTO reservas (id_reserva, id_cliente, fecha_ingreso, fecha_salida, estado) VALUES (82, 162, '2024-11-20', '2024-11-23', 'Cancelada');
INSERT INTO reservas (id_reserva, id_cliente, fecha_ingreso, fecha_salida, estado) VALUES (83, 140, '2023-12-25', '2024-01-01', 'Finalizada');
INSERT INTO reservas (id_reserva, id_cliente, fecha_ingreso, fecha_salida, estado) VALUES (84, 79, '2025-04-22', '2025-04-25', 'Activa');
INSERT INTO reservas (id_reserva, id_cliente, fecha_ingreso, fecha_salida, estado) VALUES (85, 261, '2024-01-30', '2024-02-01', 'Finalizada');
INSERT INTO reservas (id_reserva, id_cliente, fecha_ingreso, fecha_salida, estado) VALUES (86, 222, '2024-06-24', '2024-06-26', 'Finalizada');
INSERT INTO reservas (id_reserva, id_cliente, fecha_ingreso, fecha_salida, estado) VALUES (87, 129, '2025-05-30', '2025-06-05', 'Activa');
INSERT INTO reservas (id_reserva, id_cliente, fecha_ingreso, fecha_salida, estado) VALUES (88, 77, '2025-03-21', '2025-03-22', 'Activa');
INSERT INTO reservas (id_reserva, id_cliente, fecha_ingreso, fecha_salida, estado) VALUES (89, 38, '2024-06-11', '2024-06-17', 'Finalizada');
INSERT INTO reservas (id_reserva, id_cliente, fecha_ingreso, fecha_salida, estado) VALUES (90, 149, '2024-02-16', '2024-02-19', 'Activa');
INSERT INTO reservas (id_reserva, id_cliente, fecha_ingreso, fecha_salida, estado) VALUES (91, 189, '2024-03-18', '2024-03-24', 'Cancelada');
INSERT INTO reservas (id_reserva, id_cliente, fecha_ingreso, fecha_salida, estado) VALUES (92, 250, '2025-07-12', '2025-07-19', 'Finalizada');
INSERT INTO reservas (id_reserva, id_cliente, fecha_ingreso, fecha_salida, estado) VALUES (93, 44, '2023-10-06', '2023-10-09', 'Cancelada');
INSERT INTO reservas (id_reserva, id_cliente, fecha_ingreso, fecha_salida, estado) VALUES (94, 253, '2023-10-05', '2023-10-09', 'Cancelada');
INSERT INTO reservas (id_reserva, id_cliente, fecha_ingreso, fecha_salida, estado) VALUES (95, 22, '2023-09-19', '2023-09-25', 'Cancelada');
INSERT INTO reservas (id_reserva, id_cliente, fecha_ingreso, fecha_salida, estado) VALUES (96, 123, '2025-03-02', '2025-03-05', 'Cancelada');
INSERT INTO reservas (id_reserva, id_cliente, fecha_ingreso, fecha_salida, estado) VALUES (97, 58, '2023-12-23', '2023-12-28', 'Activa');
INSERT INTO reservas (id_reserva, id_cliente, fecha_ingreso, fecha_salida, estado) VALUES (98, 281, '2025-05-24', '2025-05-28', 'Activa');
INSERT INTO reservas (id_reserva, id_cliente, fecha_ingreso, fecha_salida, estado) VALUES (99, 27, '2023-11-27', '2023-11-28', 'Cancelada');
INSERT INTO reservas (id_reserva, id_cliente, fecha_ingreso, fecha_salida, estado) VALUES (100, 232, '2024-08-20', '2024-08-22', 'Finalizada');
INSERT INTO reservas (id_reserva, id_cliente, fecha_ingreso, fecha_salida, estado) VALUES (101, 261, '2025-05-10', '2025-05-16', 'Finalizada');
INSERT INTO reservas (id_reserva, id_cliente, fecha_ingreso, fecha_salida, estado) VALUES (102, 216, '2024-04-22', '2024-04-26', 'Finalizada');
INSERT INTO reservas (id_reserva, id_cliente, fecha_ingreso, fecha_salida, estado) VALUES (103, 72, '2025-05-05', '2025-05-11', 'Finalizada');
INSERT INTO reservas (id_reserva, id_cliente, fecha_ingreso, fecha_salida, estado) VALUES (104, 49, '2025-06-02', '2025-06-07', 'Cancelada');
INSERT INTO reservas (id_reserva, id_cliente, fecha_ingreso, fecha_salida, estado) VALUES (105, 251, '2025-06-10', '2025-06-12', 'Cancelada');
INSERT INTO reservas (id_reserva, id_cliente, fecha_ingreso, fecha_salida, estado) VALUES (106, 251, '2024-01-02', '2024-01-04', 'Activa');
INSERT INTO reservas (id_reserva, id_cliente, fecha_ingreso, fecha_salida, estado) VALUES (107, 27, '2023-08-19', '2023-08-26', 'Activa');
INSERT INTO reservas (id_reserva, id_cliente, fecha_ingreso, fecha_salida, estado) VALUES (108, 178, '2024-04-26', '2024-05-02', 'Activa');
INSERT INTO reservas (id_reserva, id_cliente, fecha_ingreso, fecha_salida, estado) VALUES (109, 86, '2024-11-10', '2024-11-15', 'Finalizada');
INSERT INTO reservas (id_reserva, id_cliente, fecha_ingreso, fecha_salida, estado) VALUES (110, 172, '2025-01-20', '2025-01-26', 'Cancelada');
INSERT INTO reservas (id_reserva, id_cliente, fecha_ingreso, fecha_salida, estado) VALUES (111, 107, '2023-11-09', '2023-11-12', 'Finalizada');
INSERT INTO reservas (id_reserva, id_cliente, fecha_ingreso, fecha_salida, estado) VALUES (112, 208, '2024-02-09', '2024-02-12', 'Finalizada');
INSERT INTO reservas (id_reserva, id_cliente, fecha_ingreso, fecha_salida, estado) VALUES (113, 142, '2024-02-19', '2024-02-20', 'Finalizada');
INSERT INTO reservas (id_reserva, id_cliente, fecha_ingreso, fecha_salida, estado) VALUES (114, 95, '2024-08-18', '2024-08-23', 'Finalizada');
INSERT INTO reservas (id_reserva, id_cliente, fecha_ingreso, fecha_salida, estado) VALUES (115, 285, '2024-10-22', '2024-10-23', 'Activa');
INSERT INTO reservas (id_reserva, id_cliente, fecha_ingreso, fecha_salida, estado) VALUES (116, 140, '2023-10-06', '2023-10-13', 'Activa');
INSERT INTO reservas (id_reserva, id_cliente, fecha_ingreso, fecha_salida, estado) VALUES (117, 295, '2024-03-09', '2024-03-16', 'Activa');
INSERT INTO reservas (id_reserva, id_cliente, fecha_ingreso, fecha_salida, estado) VALUES (118, 98, '2024-03-06', '2024-03-08', 'Activa');
INSERT INTO reservas (id_reserva, id_cliente, fecha_ingreso, fecha_salida, estado) VALUES (119, 107, '2025-02-10', '2025-02-13', 'Activa');
INSERT INTO reservas (id_reserva, id_cliente, fecha_ingreso, fecha_salida, estado) VALUES (120, 116, '2024-01-22', '2024-01-29', 'Finalizada');
INSERT INTO reservas (id_reserva, id_cliente, fecha_ingreso, fecha_salida, estado) VALUES (121, 195, '2023-07-31', '2023-08-05', 'Activa');
INSERT INTO reservas (id_reserva, id_cliente, fecha_ingreso, fecha_salida, estado) VALUES (122, 6, '2024-09-07', '2024-09-12', 'Cancelada');
INSERT INTO reservas (id_reserva, id_cliente, fecha_ingreso, fecha_salida, estado) VALUES (123, 142, '2024-08-06', '2024-08-10', 'Cancelada');
INSERT INTO reservas (id_reserva, id_cliente, fecha_ingreso, fecha_salida, estado) VALUES (124, 144, '2025-06-22', '2025-06-28', 'Finalizada');
INSERT INTO reservas (id_reserva, id_cliente, fecha_ingreso, fecha_salida, estado) VALUES (125, 176, '2023-10-03', '2023-10-07', 'Finalizada');
INSERT INTO reservas (id_reserva, id_cliente, fecha_ingreso, fecha_salida, estado) VALUES (126, 300, '2024-12-05', '2024-12-08', 'Cancelada');
INSERT INTO reservas (id_reserva, id_cliente, fecha_ingreso, fecha_salida, estado) VALUES (127, 172, '2024-05-01', '2024-05-05', 'Finalizada');
INSERT INTO reservas (id_reserva, id_cliente, fecha_ingreso, fecha_salida, estado) VALUES (128, 269, '2025-04-20', '2025-04-26', 'Finalizada');
INSERT INTO reservas (id_reserva, id_cliente, fecha_ingreso, fecha_salida, estado) VALUES (129, 86, '2025-02-22', '2025-02-27', 'Activa');
INSERT INTO reservas (id_reserva, id_cliente, fecha_ingreso, fecha_salida, estado) VALUES (130, 258, '2025-03-29', '2025-04-01', 'Finalizada');
INSERT INTO reservas (id_reserva, id_cliente, fecha_ingreso, fecha_salida, estado) VALUES (131, 140, '2025-06-04', '2025-06-07', 'Finalizada');
INSERT INTO reservas (id_reserva, id_cliente, fecha_ingreso, fecha_salida, estado) VALUES (132, 255, '2024-09-01', '2024-09-03', 'Cancelada');
INSERT INTO reservas (id_reserva, id_cliente, fecha_ingreso, fecha_salida, estado) VALUES (133, 282, '2024-06-16', '2024-06-21', 'Finalizada');
INSERT INTO reservas (id_reserva, id_cliente, fecha_ingreso, fecha_salida, estado) VALUES (134, 161, '2025-06-30', '2025-07-04', 'Cancelada');
INSERT INTO reservas (id_reserva, id_cliente, fecha_ingreso, fecha_salida, estado) VALUES (135, 143, '2024-12-25', '2024-12-30', 'Activa');
INSERT INTO reservas (id_reserva, id_cliente, fecha_ingreso, fecha_salida, estado) VALUES (136, 234, '2025-05-27', '2025-05-28', 'Finalizada');
INSERT INTO reservas (id_reserva, id_cliente, fecha_ingreso, fecha_salida, estado) VALUES (137, 65, '2024-08-29', '2024-09-03', 'Finalizada');
INSERT INTO reservas (id_reserva, id_cliente, fecha_ingreso, fecha_salida, estado) VALUES (138, 53, '2023-10-20', '2023-10-25', 'Activa');
INSERT INTO reservas (id_reserva, id_cliente, fecha_ingreso, fecha_salida, estado) VALUES (139, 275, '2024-10-20', '2024-10-22', 'Cancelada');
INSERT INTO reservas (id_reserva, id_cliente, fecha_ingreso, fecha_salida, estado) VALUES (140, 253, '2025-03-21', '2025-03-22', 'Cancelada');
INSERT INTO reservas (id_reserva, id_cliente, fecha_ingreso, fecha_salida, estado) VALUES (141, 214, '2025-02-04', '2025-02-07', 'Activa');
INSERT INTO reservas (id_reserva, id_cliente, fecha_ingreso, fecha_salida, estado) VALUES (142, 8, '2024-08-26', '2024-08-31', 'Cancelada');
INSERT INTO reservas (id_reserva, id_cliente, fecha_ingreso, fecha_salida, estado) VALUES (143, 31, '2023-09-17', '2023-09-24', 'Activa');
INSERT INTO reservas (id_reserva, id_cliente, fecha_ingreso, fecha_salida, estado) VALUES (144, 101, '2024-06-21', '2024-06-24', 'Activa');
INSERT INTO reservas (id_reserva, id_cliente, fecha_ingreso, fecha_salida, estado) VALUES (145, 198, '2024-10-19', '2024-10-20', 'Activa');
INSERT INTO reservas (id_reserva, id_cliente, fecha_ingreso, fecha_salida, estado) VALUES (146, 36, '2023-12-09', '2023-12-10', 'Finalizada');
INSERT INTO reservas (id_reserva, id_cliente, fecha_ingreso, fecha_salida, estado) VALUES (147, 209, '2024-08-11', '2024-08-14', 'Finalizada');
INSERT INTO reservas (id_reserva, id_cliente, fecha_ingreso, fecha_salida, estado) VALUES (148, 6, '2025-07-01', '2025-07-06', 'Cancelada');
INSERT INTO reservas (id_reserva, id_cliente, fecha_ingreso, fecha_salida, estado) VALUES (149, 98, '2024-01-20', '2024-01-24', 'Activa');
INSERT INTO reservas (id_reserva, id_cliente, fecha_ingreso, fecha_salida, estado) VALUES (150, 133, '2024-06-08', '2024-06-10', 'Cancelada');
INSERT INTO reservas (id_reserva, id_cliente, fecha_ingreso, fecha_salida, estado) VALUES (151, 170, '2024-12-06', '2024-12-10', 'Finalizada');
INSERT INTO reservas (id_reserva, id_cliente, fecha_ingreso, fecha_salida, estado) VALUES (152, 177, '2024-04-12', '2024-04-16', 'Activa');
INSERT INTO reservas (id_reserva, id_cliente, fecha_ingreso, fecha_salida, estado) VALUES (153, 20, '2025-01-13', '2025-01-19', 'Activa');
INSERT INTO reservas (id_reserva, id_cliente, fecha_ingreso, fecha_salida, estado) VALUES (154, 215, '2023-09-12', '2023-09-18', 'Activa');
INSERT INTO reservas (id_reserva, id_cliente, fecha_ingreso, fecha_salida, estado) VALUES (155, 262, '2024-06-29', '2024-07-05', 'Cancelada');
INSERT INTO reservas (id_reserva, id_cliente, fecha_ingreso, fecha_salida, estado) VALUES (156, 284, '2025-01-09', '2025-01-11', 'Cancelada');
INSERT INTO reservas (id_reserva, id_cliente, fecha_ingreso, fecha_salida, estado) VALUES (157, 298, '2024-06-26', '2024-07-03', 'Finalizada');
INSERT INTO reservas (id_reserva, id_cliente, fecha_ingreso, fecha_salida, estado) VALUES (158, 283, '2023-08-15', '2023-08-19', 'Finalizada');
INSERT INTO reservas (id_reserva, id_cliente, fecha_ingreso, fecha_salida, estado) VALUES (159, 154, '2024-05-14', '2024-05-17', 'Activa');
INSERT INTO reservas (id_reserva, id_cliente, fecha_ingreso, fecha_salida, estado) VALUES (160, 270, '2024-06-01', '2024-06-03', 'Cancelada');
INSERT INTO reservas (id_reserva, id_cliente, fecha_ingreso, fecha_salida, estado) VALUES (161, 248, '2024-03-29', '2024-04-05', 'Finalizada');
INSERT INTO reservas (id_reserva, id_cliente, fecha_ingreso, fecha_salida, estado) VALUES (162, 8, '2025-01-03', '2025-01-04', 'Finalizada');
INSERT INTO reservas (id_reserva, id_cliente, fecha_ingreso, fecha_salida, estado) VALUES (163, 116, '2024-03-28', '2024-04-03', 'Cancelada');
INSERT INTO reservas (id_reserva, id_cliente, fecha_ingreso, fecha_salida, estado) VALUES (164, 102, '2024-02-23', '2024-02-26', 'Activa');
INSERT INTO reservas (id_reserva, id_cliente, fecha_ingreso, fecha_salida, estado) VALUES (165, 192, '2023-10-17', '2023-10-23', 'Activa');
INSERT INTO reservas (id_reserva, id_cliente, fecha_ingreso, fecha_salida, estado) VALUES (166, 165, '2024-12-16', '2024-12-17', 'Cancelada');
INSERT INTO reservas (id_reserva, id_cliente, fecha_ingreso, fecha_salida, estado) VALUES (167, 15, '2024-10-21', '2024-10-23', 'Finalizada');
INSERT INTO reservas (id_reserva, id_cliente, fecha_ingreso, fecha_salida, estado) VALUES (168, 205, '2025-04-06', '2025-04-12', 'Finalizada');
INSERT INTO reservas (id_reserva, id_cliente, fecha_ingreso, fecha_salida, estado) VALUES (169, 9, '2024-02-09', '2024-02-16', 'Activa');
INSERT INTO reservas (id_reserva, id_cliente, fecha_ingreso, fecha_salida, estado) VALUES (170, 8, '2024-06-25', '2024-06-26', 'Cancelada');
INSERT INTO reservas (id_reserva, id_cliente, fecha_ingreso, fecha_salida, estado) VALUES (171, 30, '2024-11-11', '2024-11-18', 'Cancelada');
INSERT INTO reservas (id_reserva, id_cliente, fecha_ingreso, fecha_salida, estado) VALUES (172, 5, '2024-03-19', '2024-03-22', 'Cancelada');
INSERT INTO reservas (id_reserva, id_cliente, fecha_ingreso, fecha_salida, estado) VALUES (173, 260, '2023-09-30', '2023-10-05', 'Activa');
INSERT INTO reservas (id_reserva, id_cliente, fecha_ingreso, fecha_salida, estado) VALUES (174, 167, '2024-04-12', '2024-04-13', 'Activa');
INSERT INTO reservas (id_reserva, id_cliente, fecha_ingreso, fecha_salida, estado) VALUES (175, 288, '2024-04-23', '2024-04-28', 'Finalizada');
INSERT INTO reservas (id_reserva, id_cliente, fecha_ingreso, fecha_salida, estado) VALUES (176, 94, '2025-02-08', '2025-02-11', 'Cancelada');
INSERT INTO reservas (id_reserva, id_cliente, fecha_ingreso, fecha_salida, estado) VALUES (177, 298, '2024-11-14', '2024-11-21', 'Activa');
INSERT INTO reservas (id_reserva, id_cliente, fecha_ingreso, fecha_salida, estado) VALUES (178, 285, '2024-11-14', '2024-11-19', 'Activa');
INSERT INTO reservas (id_reserva, id_cliente, fecha_ingreso, fecha_salida, estado) VALUES (179, 278, '2025-07-06', '2025-07-07', 'Finalizada');
INSERT INTO reservas (id_reserva, id_cliente, fecha_ingreso, fecha_salida, estado) VALUES (180, 3, '2024-07-27', '2024-07-29', 'Activa');
INSERT INTO reservas (id_reserva, id_cliente, fecha_ingreso, fecha_salida, estado) VALUES (181, 13, '2024-01-23', '2024-01-30', 'Activa');
INSERT INTO reservas (id_reserva, id_cliente, fecha_ingreso, fecha_salida, estado) VALUES (182, 169, '2023-12-28', '2023-12-30', 'Cancelada');
INSERT INTO reservas (id_reserva, id_cliente, fecha_ingreso, fecha_salida, estado) VALUES (183, 249, '2024-07-04', '2024-07-08', 'Cancelada');
INSERT INTO reservas (id_reserva, id_cliente, fecha_ingreso, fecha_salida, estado) VALUES (184, 124, '2024-05-14', '2024-05-17', 'Finalizada');
INSERT INTO reservas (id_reserva, id_cliente, fecha_ingreso, fecha_salida, estado) VALUES (185, 262, '2023-09-18', '2023-09-21', 'Activa');
INSERT INTO reservas (id_reserva, id_cliente, fecha_ingreso, fecha_salida, estado) VALUES (186, 173, '2024-04-12', '2024-04-19', 'Finalizada');
INSERT INTO reservas (id_reserva, id_cliente, fecha_ingreso, fecha_salida, estado) VALUES (187, 280, '2024-06-06', '2024-06-13', 'Cancelada');
INSERT INTO reservas (id_reserva, id_cliente, fecha_ingreso, fecha_salida, estado) VALUES (188, 140, '2024-02-02', '2024-02-09', 'Finalizada');
INSERT INTO reservas (id_reserva, id_cliente, fecha_ingreso, fecha_salida, estado) VALUES (189, 175, '2025-04-03', '2025-04-06', 'Finalizada');
INSERT INTO reservas (id_reserva, id_cliente, fecha_ingreso, fecha_salida, estado) VALUES (190, 149, '2025-06-15', '2025-06-20', 'Cancelada');
INSERT INTO reservas (id_reserva, id_cliente, fecha_ingreso, fecha_salida, estado) VALUES (191, 125, '2024-04-28', '2024-04-29', 'Cancelada');
INSERT INTO reservas (id_reserva, id_cliente, fecha_ingreso, fecha_salida, estado) VALUES (192, 197, '2025-04-25', '2025-04-28', 'Activa');
INSERT INTO reservas (id_reserva, id_cliente, fecha_ingreso, fecha_salida, estado) VALUES (193, 221, '2024-02-02', '2024-02-08', 'Activa');
INSERT INTO reservas (id_reserva, id_cliente, fecha_ingreso, fecha_salida, estado) VALUES (194, 241, '2023-10-30', '2023-11-03', 'Finalizada');
INSERT INTO reservas (id_reserva, id_cliente, fecha_ingreso, fecha_salida, estado) VALUES (195, 298, '2024-12-25', '2024-12-29', 'Finalizada');
INSERT INTO reservas (id_reserva, id_cliente, fecha_ingreso, fecha_salida, estado) VALUES (196, 144, '2024-01-10', '2024-01-14', 'Finalizada');
INSERT INTO reservas (id_reserva, id_cliente, fecha_ingreso, fecha_salida, estado) VALUES (197, 213, '2023-11-11', '2023-11-18', 'Finalizada');
INSERT INTO reservas (id_reserva, id_cliente, fecha_ingreso, fecha_salida, estado) VALUES (198, 17, '2024-05-07', '2024-05-08', 'Finalizada');
INSERT INTO reservas (id_reserva, id_cliente, fecha_ingreso, fecha_salida, estado) VALUES (199, 300, '2024-06-04', '2024-06-09', 'Activa');
INSERT INTO reservas (id_reserva, id_cliente, fecha_ingreso, fecha_salida, estado) VALUES (200, 299, '2025-02-17', '2025-02-22', 'Finalizada');
INSERT INTO reservas (id_reserva, id_cliente, fecha_ingreso, fecha_salida, estado) VALUES (201, 221, '2024-03-12', '2024-03-18', 'Cancelada');
INSERT INTO reservas (id_reserva, id_cliente, fecha_ingreso, fecha_salida, estado) VALUES (202, 282, '2025-07-07', '2025-07-09', 'Activa');
INSERT INTO reservas (id_reserva, id_cliente, fecha_ingreso, fecha_salida, estado) VALUES (203, 270, '2023-08-17', '2023-08-21', 'Cancelada');
INSERT INTO reservas (id_reserva, id_cliente, fecha_ingreso, fecha_salida, estado) VALUES (204, 200, '2024-08-20', '2024-08-27', 'Cancelada');
INSERT INTO reservas (id_reserva, id_cliente, fecha_ingreso, fecha_salida, estado) VALUES (205, 82, '2024-07-08', '2024-07-11', 'Activa');
INSERT INTO reservas (id_reserva, id_cliente, fecha_ingreso, fecha_salida, estado) VALUES (206, 94, '2024-08-06', '2024-08-11', 'Cancelada');
INSERT INTO reservas (id_reserva, id_cliente, fecha_ingreso, fecha_salida, estado) VALUES (207, 100, '2025-01-03', '2025-01-07', 'Activa');
INSERT INTO reservas (id_reserva, id_cliente, fecha_ingreso, fecha_salida, estado) VALUES (208, 25, '2023-09-26', '2023-09-28', 'Finalizada');
INSERT INTO reservas (id_reserva, id_cliente, fecha_ingreso, fecha_salida, estado) VALUES (209, 17, '2024-04-24', '2024-04-26', 'Cancelada');
INSERT INTO reservas (id_reserva, id_cliente, fecha_ingreso, fecha_salida, estado) VALUES (210, 293, '2024-07-04', '2024-07-05', 'Finalizada');
INSERT INTO reservas (id_reserva, id_cliente, fecha_ingreso, fecha_salida, estado) VALUES (211, 154, '2025-01-15', '2025-01-20', 'Cancelada');
INSERT INTO reservas (id_reserva, id_cliente, fecha_ingreso, fecha_salida, estado) VALUES (212, 297, '2024-03-31', '2024-04-02', 'Activa');
INSERT INTO reservas (id_reserva, id_cliente, fecha_ingreso, fecha_salida, estado) VALUES (213, 147, '2024-05-01', '2024-05-06', 'Cancelada');
INSERT INTO reservas (id_reserva, id_cliente, fecha_ingreso, fecha_salida, estado) VALUES (214, 6, '2024-07-13', '2024-07-14', 'Cancelada');
INSERT INTO reservas (id_reserva, id_cliente, fecha_ingreso, fecha_salida, estado) VALUES (215, 224, '2024-01-08', '2024-01-11', 'Cancelada');
INSERT INTO reservas (id_reserva, id_cliente, fecha_ingreso, fecha_salida, estado) VALUES (216, 199, '2025-07-11', '2025-07-16', 'Finalizada');
INSERT INTO reservas (id_reserva, id_cliente, fecha_ingreso, fecha_salida, estado) VALUES (217, 64, '2025-05-11', '2025-05-17', 'Finalizada');
INSERT INTO reservas (id_reserva, id_cliente, fecha_ingreso, fecha_salida, estado) VALUES (218, 70, '2023-11-02', '2023-11-08', 'Cancelada');
INSERT INTO reservas (id_reserva, id_cliente, fecha_ingreso, fecha_salida, estado) VALUES (219, 188, '2024-11-26', '2024-12-02', 'Activa');
INSERT INTO reservas (id_reserva, id_cliente, fecha_ingreso, fecha_salida, estado) VALUES (220, 262, '2024-10-29', '2024-10-30', 'Finalizada');
INSERT INTO reservas (id_reserva, id_cliente, fecha_ingreso, fecha_salida, estado) VALUES (221, 197, '2025-01-26', '2025-01-31', 'Cancelada');
INSERT INTO reservas (id_reserva, id_cliente, fecha_ingreso, fecha_salida, estado) VALUES (222, 22, '2024-08-29', '2024-09-02', 'Activa');
INSERT INTO reservas (id_reserva, id_cliente, fecha_ingreso, fecha_salida, estado) VALUES (223, 194, '2024-01-27', '2024-02-03', 'Activa');
INSERT INTO reservas (id_reserva, id_cliente, fecha_ingreso, fecha_salida, estado) VALUES (224, 202, '2025-02-24', '2025-02-28', 'Finalizada');
INSERT INTO reservas (id_reserva, id_cliente, fecha_ingreso, fecha_salida, estado) VALUES (225, 137, '2023-09-28', '2023-09-30', 'Finalizada');
INSERT INTO reservas (id_reserva, id_cliente, fecha_ingreso, fecha_salida, estado) VALUES (226, 212, '2024-12-31', '2025-01-03', 'Activa');
INSERT INTO reservas (id_reserva, id_cliente, fecha_ingreso, fecha_salida, estado) VALUES (227, 200, '2024-03-28', '2024-03-30', 'Cancelada');
INSERT INTO reservas (id_reserva, id_cliente, fecha_ingreso, fecha_salida, estado) VALUES (228, 97, '2024-11-05', '2024-11-11', 'Finalizada');
INSERT INTO reservas (id_reserva, id_cliente, fecha_ingreso, fecha_salida, estado) VALUES (229, 90, '2024-01-13', '2024-01-17', 'Activa');
INSERT INTO reservas (id_reserva, id_cliente, fecha_ingreso, fecha_salida, estado) VALUES (230, 20, '2025-01-25', '2025-01-30', 'Activa');
INSERT INTO reservas (id_reserva, id_cliente, fecha_ingreso, fecha_salida, estado) VALUES (231, 187, '2025-01-28', '2025-02-03', 'Activa');
INSERT INTO reservas (id_reserva, id_cliente, fecha_ingreso, fecha_salida, estado) VALUES (232, 253, '2025-03-02', '2025-03-07', 'Cancelada');
INSERT INTO reservas (id_reserva, id_cliente, fecha_ingreso, fecha_salida, estado) VALUES (233, 142, '2024-04-22', '2024-04-27', 'Cancelada');
INSERT INTO reservas (id_reserva, id_cliente, fecha_ingreso, fecha_salida, estado) VALUES (234, 272, '2025-04-12', '2025-04-16', 'Cancelada');
INSERT INTO reservas (id_reserva, id_cliente, fecha_ingreso, fecha_salida, estado) VALUES (235, 264, '2024-04-15', '2024-04-19', 'Cancelada');
INSERT INTO reservas (id_reserva, id_cliente, fecha_ingreso, fecha_salida, estado) VALUES (236, 69, '2024-11-10', '2024-11-17', 'Finalizada');
INSERT INTO reservas (id_reserva, id_cliente, fecha_ingreso, fecha_salida, estado) VALUES (237, 55, '2024-12-17', '2024-12-18', 'Cancelada');
INSERT INTO reservas (id_reserva, id_cliente, fecha_ingreso, fecha_salida, estado) VALUES (238, 275, '2023-08-18', '2023-08-25', 'Finalizada');
INSERT INTO reservas (id_reserva, id_cliente, fecha_ingreso, fecha_salida, estado) VALUES (239, 63, '2024-04-12', '2024-04-17', 'Finalizada');
INSERT INTO reservas (id_reserva, id_cliente, fecha_ingreso, fecha_salida, estado) VALUES (240, 236, '2025-07-07', '2025-07-14', 'Activa');
INSERT INTO reservas (id_reserva, id_cliente, fecha_ingreso, fecha_salida, estado) VALUES (241, 229, '2024-08-13', '2024-08-19', 'Finalizada');
INSERT INTO reservas (id_reserva, id_cliente, fecha_ingreso, fecha_salida, estado) VALUES (242, 154, '2023-09-20', '2023-09-23', 'Finalizada');
INSERT INTO reservas (id_reserva, id_cliente, fecha_ingreso, fecha_salida, estado) VALUES (243, 60, '2024-02-12', '2024-02-18', 'Activa');
INSERT INTO reservas (id_reserva, id_cliente, fecha_ingreso, fecha_salida, estado) VALUES (244, 86, '2024-05-13', '2024-05-18', 'Finalizada');
INSERT INTO reservas (id_reserva, id_cliente, fecha_ingreso, fecha_salida, estado) VALUES (245, 141, '2025-01-06', '2025-01-13', 'Finalizada');
INSERT INTO reservas (id_reserva, id_cliente, fecha_ingreso, fecha_salida, estado) VALUES (246, 219, '2024-10-08', '2024-10-15', 'Cancelada');
INSERT INTO reservas (id_reserva, id_cliente, fecha_ingreso, fecha_salida, estado) VALUES (247, 229, '2024-07-12', '2024-07-13', 'Activa');
INSERT INTO reservas (id_reserva, id_cliente, fecha_ingreso, fecha_salida, estado) VALUES (248, 181, '2025-01-19', '2025-01-24', 'Activa');
INSERT INTO reservas (id_reserva, id_cliente, fecha_ingreso, fecha_salida, estado) VALUES (249, 276, '2025-05-16', '2025-05-22', 'Activa');
INSERT INTO reservas (id_reserva, id_cliente, fecha_ingreso, fecha_salida, estado) VALUES (250, 230, '2024-04-14', '2024-04-16', 'Cancelada');
INSERT INTO reservas (id_reserva, id_cliente, fecha_ingreso, fecha_salida, estado) VALUES (251, 295,'2025-06-27', '2025-06-29', 'Cancelada');
INSERT INTO reservas (id_reserva, id_cliente, fecha_ingreso, fecha_salida, estado) VALUES (252, 285, '2025-01-07', '2025-01-13', 'Cancelada');
INSERT INTO reservas (id_reserva, id_cliente, fecha_ingreso, fecha_salida, estado) VALUES (253, 112, '2023-10-26', '2023-11-02', 'Activa');
INSERT INTO reservas (id_reserva, id_cliente, fecha_ingreso, fecha_salida, estado) VALUES (254, 147, '2023-11-10', '2023-11-15', 'Cancelada');
INSERT INTO reservas (id_reserva, id_cliente, fecha_ingreso, fecha_salida, estado) VALUES (255, 200, '2024-12-31', '2025-01-01', 'Activa');
INSERT INTO reservas (id_reserva, id_cliente, fecha_ingreso, fecha_salida, estado) VALUES (256, 20, '2024-10-13', '2024-10-20', 'Activa');
INSERT INTO reservas (id_reserva, id_cliente, fecha_ingreso, fecha_salida, estado) VALUES (257, 285, '2024-10-11', '2024-10-17', 'Finalizada');
INSERT INTO reservas (id_reserva, id_cliente, fecha_ingreso, fecha_salida, estado) VALUES (258, 161, '2025-01-11', '2025-01-16', 'Cancelada');
INSERT INTO reservas (id_reserva, id_cliente, fecha_ingreso, fecha_salida, estado) VALUES (259, 97, '2023-12-22', '2023-12-27', 'Cancelada');
INSERT INTO reservas (id_reserva, id_cliente, fecha_ingreso, fecha_salida, estado) VALUES (260, 149, '2025-06-05', '2025-06-12', 'Activa');
INSERT INTO reservas (id_reserva, id_cliente, fecha_ingreso, fecha_salida, estado) VALUES (261, 287, '2024-03-17', '2024-03-24', 'Finalizada');
INSERT INTO reservas (id_reserva, id_cliente, fecha_ingreso, fecha_salida, estado) VALUES (262, 284, '2023-08-18', '2023-08-21', 'Cancelada');
INSERT INTO reservas (id_reserva, id_cliente, fecha_ingreso, fecha_salida, estado) VALUES (263, 96, '2024-01-29', '2024-02-02', 'Activa');
INSERT INTO reservas (id_reserva, id_cliente, fecha_ingreso, fecha_salida, estado) VALUES (264, 68, '2024-07-25', '2024-07-31', 'Cancelada');
INSERT INTO reservas (id_reserva, id_cliente, fecha_ingreso, fecha_salida, estado) VALUES (265, 210, '2025-07-17', '2025-07-19', 'Cancelada');
INSERT INTO reservas (id_reserva, id_cliente, fecha_ingreso, fecha_salida, estado) VALUES (266, 283, '2025-05-24', '2025-05-27', 'Cancelada');
INSERT INTO reservas (id_reserva, id_cliente, fecha_ingreso, fecha_salida, estado) VALUES (267, 194, '2024-11-02', '2024-11-07', 'Activa');
INSERT INTO reservas (id_reserva, id_cliente, fecha_ingreso, fecha_salida, estado) VALUES (268, 40, '2024-08-23', '2024-08-30', 'Finalizada');
INSERT INTO reservas (id_reserva, id_cliente, fecha_ingreso, fecha_salida, estado) VALUES (269, 9, '2024-02-21', '2024-02-27', 'Activa');
INSERT INTO reservas (id_reserva, id_cliente, fecha_ingreso, fecha_salida, estado) VALUES (270, 56, '2025-03-03', '2025-03-10', 'Activa');
INSERT INTO reservas (id_reserva, id_cliente, fecha_ingreso, fecha_salida, estado) VALUES (271, 128, '2023-10-07', '2023-10-11', 'Cancelada');
INSERT INTO reservas (id_reserva, id_cliente, fecha_ingreso, fecha_salida, estado) VALUES (272, 180, '2023-08-30', '2023-09-03', 'Activa');
INSERT INTO reservas (id_reserva, id_cliente, fecha_ingreso, fecha_salida, estado) VALUES (273, 228, '2024-12-20', '2024-12-25', 'Cancelada');
INSERT INTO reservas (id_reserva, id_cliente, fecha_ingreso, fecha_salida, estado) VALUES (274, 20, '2024-12-10', '2024-12-11', 'Activa');
INSERT INTO reservas (id_reserva, id_cliente, fecha_ingreso, fecha_salida, estado) VALUES (275, 300, '2025-04-20', '2025-04-25', 'Activa');
INSERT INTO reservas (id_reserva, id_cliente, fecha_ingreso, fecha_salida, estado) VALUES (276, 258, '2025-03-23', '2025-03-30', 'Finalizada');
INSERT INTO reservas (id_reserva, id_cliente, fecha_ingreso, fecha_salida, estado) VALUES (277, 297, '2023-09-02', '2023-09-07', 'Activa');
INSERT INTO reservas (id_reserva, id_cliente, fecha_ingreso, fecha_salida, estado) VALUES (278, 132, '2024-04-04', '2024-04-07', 'Cancelada');
INSERT INTO reservas (id_reserva, id_cliente, fecha_ingreso, fecha_salida, estado) VALUES (279, 289, '2023-09-09', '2023-09-12', 'Cancelada');
INSERT INTO reservas (id_reserva, id_cliente, fecha_ingreso, fecha_salida, estado) VALUES (280, 62, '2025-03-03', '2025-03-05', 'Cancelada');
INSERT INTO reservas (id_reserva, id_cliente, fecha_ingreso, fecha_salida, estado) VALUES (281, 259, '2024-02-22', '2024-02-24', 'Activa');
INSERT INTO reservas (id_reserva, id_cliente, fecha_ingreso, fecha_salida, estado) VALUES (282, 151, '2023-12-17', '2023-12-18', 'Cancelada');
INSERT INTO reservas (id_reserva, id_cliente, fecha_ingreso, fecha_salida, estado) VALUES (283, 126, '2025-05-25', '2025-05-26', 'Cancelada');
INSERT INTO reservas (id_reserva, id_cliente, fecha_ingreso, fecha_salida, estado) VALUES (284, 254, '2025-02-23', '2025-02-28', 'Activa');
INSERT INTO reservas (id_reserva, id_cliente, fecha_ingreso, fecha_salida, estado) VALUES (285, 60, '2024-10-26', '2024-11-02', 'Activa');
INSERT INTO reservas (id_reserva, id_cliente, fecha_ingreso, fecha_salida, estado) VALUES (286, 4, '2025-01-27', '2025-02-01', 'Finalizada');
INSERT INTO reservas (id_reserva, id_cliente, fecha_ingreso, fecha_salida, estado) VALUES (287, 230, '2025-01-28', '2025-02-04', 'Finalizada');
INSERT INTO reservas (id_reserva, id_cliente, fecha_ingreso, fecha_salida, estado) VALUES (288, 1, '2024-01-09', '2024-01-13', 'Cancelada');
INSERT INTO reservas (id_reserva, id_cliente, fecha_ingreso, fecha_salida, estado) VALUES (289, 273, '2024-10-19', '2024-10-20', 'Finalizada');
INSERT INTO reservas (id_reserva, id_cliente, fecha_ingreso, fecha_salida, estado) VALUES (290, 234, '2025-01-22', '2025-01-28', 'Activa');
INSERT INTO reservas (id_reserva, id_cliente, fecha_ingreso, fecha_salida, estado) VALUES (291, 46, '023-10-28', '2023-11-03', 'Activa');
INSERT INTO reservas (id_reserva, id_cliente, fecha_ingreso, fecha_salida, estado) VALUES (292, 259, '2023-10-22', '2023-10-23', 'Activa');
INSERT INTO reservas (id_reserva, id_cliente, fecha_ingreso, fecha_salida, estado) VALUES (293, 16, '2023-10-27', '2023-11-01', 'Finalizada');
INSERT INTO reservas (id_reserva, id_cliente, fecha_ingreso, fecha_salida, estado) VALUES (294, 100, '2024-04-24', '2024-04-30', 'Cancelada');
INSERT INTO reservas (id_reserva, id_cliente, fecha_ingreso, fecha_salida, estado) VALUES (295, 212, '2024-11-18', '2024-11-21', 'Finalizada');
INSERT INTO reservas (id_reserva, id_cliente, fecha_ingreso, fecha_salida, estado) VALUES (296, 119, '2024-10-07', '2024-10-09', 'Finalizada');
INSERT INTO reservas (id_reserva, id_cliente, fecha_ingreso, fecha_salida, estado) VALUES (297, 166, '2023-10-10', '2023-10-11', 'Finalizada');
INSERT INTO reservas (id_reserva, id_cliente, fecha_ingreso, fecha_salida, estado) VALUES (298, 264, '2023-08-30', '2023-09-01', 'Cancelada');
INSERT INTO reservas (id_reserva, id_cliente, fecha_ingreso, fecha_salida, estado) VALUES (299, 278, '2024-02-10', '2024-02-16', 'Finalizada');
INSERT INTO reservas (id_reserva, id_cliente, fecha_ingreso, fecha_salida, estado) VALUES (300, 139, '2023-09-29', '023-10-02', 'Cancelada');

-- INSERTS PARA DETALLE_RESERVA
INSERT INTO detalle_reserva (id_reserva, id_habitacion, noches) VALUES (1, 42, 1);
INSERT INTO detalle_reserva (id_reserva, id_habitacion, noches) VALUES (2, 29, 1);
INSERT INTO detalle_reserva (id_reserva, id_habitacion, noches) VALUES (3, 26, 3);
INSERT INTO detalle_reserva (id_reserva, id_habitacion, noches) VALUES (4, 42, 1);
INSERT INTO detalle_reserva (id_reserva, id_habitacion, noches) VALUES (5, 34, 5);
INSERT INTO detalle_reserva (id_reserva, id_habitacion, noches) VALUES (6, 45, 4);
INSERT INTO detalle_reserva (id_reserva, id_habitacion, noches) VALUES (7, 25, 2);
INSERT INTO detalle_reserva (id_reserva, id_habitacion, noches) VALUES (8, 47, 6);
INSERT INTO detalle_reserva (id_reserva, id_habitacion, noches) VALUES (9, 43, 7);
INSERT INTO detalle_reserva (id_reserva, id_habitacion, noches) VALUES (10, 16, 5);
INSERT INTO detalle_reserva (id_reserva, id_habitacion, noches) VALUES (11, 35, 5);
INSERT INTO detalle_reserva (id_reserva, id_habitacion, noches) VALUES (12, 43, 1);
INSERT INTO detalle_reserva (id_reserva, id_habitacion, noches) VALUES (13, 36, 1);
INSERT INTO detalle_reserva (id_reserva, id_habitacion, noches) VALUES (14, 8, 1);
INSERT INTO detalle_reserva (id_reserva, id_habitacion, noches) VALUES (15, 50, 7);
INSERT INTO detalle_reserva (id_reserva, id_habitacion, noches) VALUES (16, 31, 5);
INSERT INTO detalle_reserva (id_reserva, id_habitacion, noches) VALUES (17, 8, 4);
INSERT INTO detalle_reserva (id_reserva, id_habitacion, noches) VALUES (18, 16, 2);
INSERT INTO detalle_reserva (id_reserva, id_habitacion, noches) VALUES (19, 45, 1);
INSERT INTO detalle_reserva (id_reserva, id_habitacion, noches) VALUES (20, 2, 2);
INSERT INTO detalle_reserva (id_reserva, id_habitacion, noches) VALUES (21, 36, 5);
INSERT INTO detalle_reserva (id_reserva, id_habitacion, noches) VALUES (22, 9, 7);
INSERT INTO detalle_reserva (id_reserva, id_habitacion, noches) VALUES (23, 1, 5);
INSERT INTO detalle_reserva (id_reserva, id_habitacion, noches) VALUES (24, 39, 3);
INSERT INTO detalle_reserva (id_reserva, id_habitacion, noches) VALUES (25, 13, 4);
INSERT INTO detalle_reserva (id_reserva, id_habitacion, noches) VALUES (26, 19, 1);
INSERT INTO detalle_reserva (id_reserva, id_habitacion, noches) VALUES (27, 48, 4);
INSERT INTO detalle_reserva (id_reserva, id_habitacion, noches) VALUES (28, 33, 7);
INSERT INTO detalle_reserva (id_reserva, id_habitacion, noches) VALUES (29, 7, 2);
INSERT INTO detalle_reserva (id_reserva, id_habitacion, noches) VALUES (30, 45, 2);
INSERT INTO detalle_reserva (id_reserva, id_habitacion, noches) VALUES (31, 35, 3);
INSERT INTO detalle_reserva (id_reserva, id_habitacion, noches) VALUES (32, 26, 1);
INSERT INTO detalle_reserva (id_reserva, id_habitacion, noches) VALUES (33, 24, 7);
INSERT INTO detalle_reserva (id_reserva, id_habitacion, noches) VALUES (34, 23, 7);
INSERT INTO detalle_reserva (id_reserva, id_habitacion, noches) VALUES (35, 44, 6);
INSERT INTO detalle_reserva (id_reserva, id_habitacion, noches) VALUES (36, 7, 2);
INSERT INTO detalle_reserva (id_reserva, id_habitacion, noches) VALUES (37, 37, 1);
INSERT INTO detalle_reserva (id_reserva, id_habitacion, noches) VALUES (38, 42, 3);
INSERT INTO detalle_reserva (id_reserva, id_habitacion, noches) VALUES (39, 2, 3);
INSERT INTO detalle_reserva (id_reserva, id_habitacion, noches) VALUES (40, 17, 6);
INSERT INTO detalle_reserva (id_reserva, id_habitacion, noches) VALUES (41, 32, 3);
INSERT INTO detalle_reserva (id_reserva, id_habitacion, noches) VALUES (42, 2, 3);
INSERT INTO detalle_reserva (id_reserva, id_habitacion, noches) VALUES (43, 43, 1);
INSERT INTO detalle_reserva (id_reserva, id_habitacion, noches) VALUES (44, 6, 4);
INSERT INTO detalle_reserva (id_reserva, id_habitacion, noches) VALUES (45, 4, 7);
INSERT INTO detalle_reserva (id_reserva, id_habitacion, noches) VALUES (46, 3, 3);
INSERT INTO detalle_reserva (id_reserva, id_habitacion, noches) VALUES (47, 15, 5);
INSERT INTO detalle_reserva (id_reserva, id_habitacion, noches) VALUES (48, 28, 5);
INSERT INTO detalle_reserva (id_reserva, id_habitacion, noches) VALUES (49, 31, 6);
INSERT INTO detalle_reserva (id_reserva, id_habitacion, noches) VALUES (50, 19, 2);
INSERT INTO detalle_reserva (id_reserva, id_habitacion, noches) VALUES (51, 27, 5);
INSERT INTO detalle_reserva (id_reserva, id_habitacion, noches) VALUES (52, 48, 2);
INSERT INTO detalle_reserva (id_reserva, id_habitacion, noches) VALUES (53, 40, 5);
INSERT INTO detalle_reserva (id_reserva, id_habitacion, noches) VALUES (54, 10, 2);
INSERT INTO detalle_reserva (id_reserva, id_habitacion, noches) VALUES (55, 22, 3);
INSERT INTO detalle_reserva (id_reserva, id_habitacion, noches) VALUES (56, 47, 7);
INSERT INTO detalle_reserva (id_reserva, id_habitacion, noches) VALUES (57, 34, 4);
INSERT INTO detalle_reserva (id_reserva, id_habitacion, noches) VALUES (58, 21, 2);
INSERT INTO detalle_reserva (id_reserva, id_habitacion, noches) VALUES (59, 44, 7);
INSERT INTO detalle_reserva (id_reserva, id_habitacion, noches) VALUES (60, 44, 2);
INSERT INTO detalle_reserva (id_reserva, id_habitacion, noches) VALUES (61, 47, 7);
INSERT INTO detalle_reserva (id_reserva, id_habitacion, noches) VALUES (62, 35, 4);
INSERT INTO detalle_reserva (id_reserva, id_habitacion, noches) VALUES (63, 47, 7);
INSERT INTO detalle_reserva (id_reserva, id_habitacion, noches) VALUES (64, 7, 7);
INSERT INTO detalle_reserva (id_reserva, id_habitacion, noches) VALUES (65, 17, 6);
INSERT INTO detalle_reserva (id_reserva, id_habitacion, noches) VALUES (66, 10, 2);
INSERT INTO detalle_reserva (id_reserva, id_habitacion, noches) VALUES (67, 36, 1);
INSERT INTO detalle_reserva (id_reserva, id_habitacion, noches) VALUES (68, 19, 6);
INSERT INTO detalle_reserva (id_reserva, id_habitacion, noches) VALUES (69, 10, 4);
INSERT INTO detalle_reserva (id_reserva, id_habitacion, noches) VALUES (70, 49, 4);
INSERT INTO detalle_reserva (id_reserva, id_habitacion, noches) VALUES (71, 7, 7);
INSERT INTO detalle_reserva (id_reserva, id_habitacion, noches) VALUES (72, 30, 5);
INSERT INTO detalle_reserva (id_reserva, id_habitacion, noches) VALUES (73, 3, 6);
INSERT INTO detalle_reserva (id_reserva, id_habitacion, noches) VALUES (74, 2, 4);
INSERT INTO detalle_reserva (id_reserva, id_habitacion, noches) VALUES (75, 17, 2);
INSERT INTO detalle_reserva (id_reserva, id_habitacion, noches) VALUES (76, 10, 4);
INSERT INTO detalle_reserva (id_reserva, id_habitacion, noches) VALUES (77, 13, 7);
INSERT INTO detalle_reserva (id_reserva, id_habitacion, noches) VALUES (78, 41, 3);
INSERT INTO detalle_reserva (id_reserva, id_habitacion, noches) VALUES (79, 11, 7);
INSERT INTO detalle_reserva (id_reserva, id_habitacion, noches) VALUES (80, 14, 2);
INSERT INTO detalle_reserva (id_reserva, id_habitacion, noches) VALUES (81, 31, 6);
INSERT INTO detalle_reserva (id_reserva, id_habitacion, noches) VALUES (82, 6, 2);
INSERT INTO detalle_reserva (id_reserva, id_habitacion, noches) VALUES (83, 45, 7);
INSERT INTO detalle_reserva (id_reserva, id_habitacion, noches) VALUES (84, 7, 6);
INSERT INTO detalle_reserva (id_reserva, id_habitacion, noches) VALUES (85, 16, 7);
INSERT INTO detalle_reserva (id_reserva, id_habitacion, noches) VALUES (86, 5, 4);
INSERT INTO detalle_reserva (id_reserva, id_habitacion, noches) VALUES (87, 38, 5);
INSERT INTO detalle_reserva (id_reserva, id_habitacion, noches) VALUES (88, 18, 2);
INSERT INTO detalle_reserva (id_reserva, id_habitacion, noches) VALUES (89, 25, 7);
INSERT INTO detalle_reserva (id_reserva, id_habitacion, noches) VALUES (90, 5, 2);
INSERT INTO detalle_reserva (id_reserva, id_habitacion, noches) VALUES (91, 23, 3);
INSERT INTO detalle_reserva (id_reserva, id_habitacion, noches) VALUES (92, 30, 3);
INSERT INTO detalle_reserva (id_reserva, id_habitacion, noches) VALUES (93, 36, 5);
INSERT INTO detalle_reserva (id_reserva, id_habitacion, noches) VALUES (94, 37, 4);
INSERT INTO detalle_reserva (id_reserva, id_habitacion, noches) VALUES (95, 6, 3);
INSERT INTO detalle_reserva (id_reserva, id_habitacion, noches) VALUES (96, 27, 4);
INSERT INTO detalle_reserva (id_reserva, id_habitacion, noches) VALUES (97, 21, 1);
INSERT INTO detalle_reserva (id_reserva, id_habitacion, noches) VALUES (98, 50, 5);
INSERT INTO detalle_reserva (id_reserva, id_habitacion, noches) VALUES (99, 23, 6);
INSERT INTO detalle_reserva (id_reserva, id_habitacion, noches) VALUES (100, 48, 7);
INSERT INTO detalle_reserva (id_reserva, id_habitacion, noches) VALUES (101, 31, 4);
INSERT INTO detalle_reserva (id_reserva, id_habitacion, noches) VALUES (102, 42, 7);
INSERT INTO detalle_reserva (id_reserva, id_habitacion, noches) VALUES (103, 14, 6);
INSERT INTO detalle_reserva (id_reserva, id_habitacion, noches) VALUES (104, 5, 1);
INSERT INTO detalle_reserva (id_reserva, id_habitacion, noches) VALUES (105, 48, 5);
INSERT INTO detalle_reserva (id_reserva, id_habitacion, noches) VALUES (106, 16, 4);
INSERT INTO detalle_reserva (id_reserva, id_habitacion, noches) VALUES (107, 9, 2);
INSERT INTO detalle_reserva (id_reserva, id_habitacion, noches) VALUES (108, 30, 7);
INSERT INTO detalle_reserva (id_reserva, id_habitacion, noches) VALUES (109, 7, 7);
INSERT INTO detalle_reserva (id_reserva, id_habitacion, noches) VALUES (110, 47, 5);
INSERT INTO detalle_reserva (id_reserva, id_habitacion, noches) VALUES (111, 46, 2);
INSERT INTO detalle_reserva (id_reserva, id_habitacion, noches) VALUES (112, 34, 2);
INSERT INTO detalle_reserva (id_reserva, id_habitacion, noches) VALUES (113, 19, 7);
INSERT INTO detalle_reserva (id_reserva, id_habitacion, noches) VALUES (114, 35, 5);
INSERT INTO detalle_reserva (id_reserva, id_habitacion, noches) VALUES (115, 42, 4);
INSERT INTO detalle_reserva (id_reserva, id_habitacion, noches) VALUES (116, 40, 4);
INSERT INTO detalle_reserva (id_reserva, id_habitacion, noches) VALUES (117, 5, 1);
INSERT INTO detalle_reserva (id_reserva, id_habitacion, noches) VALUES (118, 18, 4);
INSERT INTO detalle_reserva (id_reserva, id_habitacion, noches) VALUES (119, 42, 7);
INSERT INTO detalle_reserva (id_reserva, id_habitacion, noches) VALUES (120, 8, 6);
INSERT INTO detalle_reserva (id_reserva, id_habitacion, noches) VALUES (121, 36, 2);
INSERT INTO detalle_reserva (id_reserva, id_habitacion, noches) VALUES (122, 33, 4);
INSERT INTO detalle_reserva (id_reserva, id_habitacion, noches) VALUES (123, 27, 4);
INSERT INTO detalle_reserva (id_reserva, id_habitacion, noches) VALUES (124, 29, 1);
INSERT INTO detalle_reserva (id_reserva, id_habitacion, noches) VALUES (125, 11, 3);
INSERT INTO detalle_reserva (id_reserva, id_habitacion, noches) VALUES (126, 23, 2);
INSERT INTO detalle_reserva (id_reserva, id_habitacion, noches) VALUES (127, 10, 1);
INSERT INTO detalle_reserva (id_reserva, id_habitacion, noches) VALUES (128, 3, 3);
INSERT INTO detalle_reserva (id_reserva, id_habitacion, noches) VALUES (129, 50, 1);
INSERT INTO detalle_reserva (id_reserva, id_habitacion, noches) VALUES (130, 6, 3);
INSERT INTO detalle_reserva (id_reserva, id_habitacion, noches) VALUES (131, 50, 5);
INSERT INTO detalle_reserva (id_reserva, id_habitacion, noches) VALUES (132, 33, 2);
INSERT INTO detalle_reserva (id_reserva, id_habitacion, noches) VALUES (133, 26, 1);
INSERT INTO detalle_reserva (id_reserva, id_habitacion, noches) VALUES (134, 34, 6);
INSERT INTO detalle_reserva (id_reserva, id_habitacion, noches) VALUES (135, 24, 7);
INSERT INTO detalle_reserva (id_reserva, id_habitacion, noches) VALUES (136, 8, 5);
INSERT INTO detalle_reserva (id_reserva, id_habitacion, noches) VALUES (137, 43, 6);
INSERT INTO detalle_reserva (id_reserva, id_habitacion, noches) VALUES (138, 27, 1);
INSERT INTO detalle_reserva (id_reserva, id_habitacion, noches) VALUES (139, 37, 5);
INSERT INTO detalle_reserva (id_reserva, id_habitacion, noches) VALUES (140, 17, 4);
INSERT INTO detalle_reserva (id_reserva, id_habitacion, noches) VALUES (141, 32, 6);
INSERT INTO detalle_reserva (id_reserva, id_habitacion, noches) VALUES (142, 34, 3);
INSERT INTO detalle_reserva (id_reserva, id_habitacion, noches) VALUES (143, 42, 2);
INSERT INTO detalle_reserva (id_reserva, id_habitacion, noches) VALUES (144, 27, 2);
INSERT INTO detalle_reserva (id_reserva, id_habitacion, noches) VALUES (145, 34, 4);
INSERT INTO detalle_reserva (id_reserva, id_habitacion, noches) VALUES (146, 33, 1);
INSERT INTO detalle_reserva (id_reserva, id_habitacion, noches) VALUES (147, 38, 1);
INSERT INTO detalle_reserva (id_reserva, id_habitacion, noches) VALUES (148, 40, 3);
INSERT INTO detalle_reserva (id_reserva, id_habitacion, noches) VALUES (149, 27, 5);
INSERT INTO detalle_reserva (id_reserva, id_habitacion, noches) VALUES (150, 11, 5);
INSERT INTO detalle_reserva (id_reserva, id_habitacion, noches) VALUES (151, 25, 4);
INSERT INTO detalle_reserva (id_reserva, id_habitacion, noches) VALUES (152, 47, 1);
INSERT INTO detalle_reserva (id_reserva, id_habitacion, noches) VALUES (153, 45, 6);
INSERT INTO detalle_reserva (id_reserva, id_habitacion, noches) VALUES (154, 31, 7);
INSERT INTO detalle_reserva (id_reserva, id_habitacion, noches) VALUES (155, 2, 5);
INSERT INTO detalle_reserva (id_reserva, id_habitacion, noches) VALUES (156, 27, 2);
INSERT INTO detalle_reserva (id_reserva, id_habitacion, noches) VALUES (157, 35, 6);
INSERT INTO detalle_reserva (id_reserva, id_habitacion, noches) VALUES (158, 21, 4);
INSERT INTO detalle_reserva (id_reserva, id_habitacion, noches) VALUES (159, 29, 1);
INSERT INTO detalle_reserva (id_reserva, id_habitacion, noches) VALUES (160, 26, 4);
INSERT INTO detalle_reserva (id_reserva, id_habitacion, noches) VALUES (161, 23, 4);
INSERT INTO detalle_reserva (id_reserva, id_habitacion, noches) VALUES (162, 4, 7);
INSERT INTO detalle_reserva (id_reserva, id_habitacion, noches) VALUES (163, 5, 5);
INSERT INTO detalle_reserva (id_reserva, id_habitacion, noches) VALUES (164, 4, 3);
INSERT INTO detalle_reserva (id_reserva, id_habitacion, noches) VALUES (165, 17, 1);
INSERT INTO detalle_reserva (id_reserva, id_habitacion, noches) VALUES (166, 44, 7);
INSERT INTO detalle_reserva (id_reserva, id_habitacion, noches) VALUES (167, 30, 1);
INSERT INTO detalle_reserva (id_reserva, id_habitacion, noches) VALUES (168, 45, 3);
INSERT INTO detalle_reserva (id_reserva, id_habitacion, noches) VALUES (169, 34, 4);
INSERT INTO detalle_reserva (id_reserva, id_habitacion, noches) VALUES (170, 40, 2);
INSERT INTO detalle_reserva (id_reserva, id_habitacion, noches) VALUES (171, 39, 2);
INSERT INTO detalle_reserva (id_reserva, id_habitacion, noches) VALUES (172, 33, 3);
INSERT INTO detalle_reserva (id_reserva, id_habitacion, noches) VALUES (173, 44, 7);
INSERT INTO detalle_reserva (id_reserva, id_habitacion, noches) VALUES (174, 14, 7);
INSERT INTO detalle_reserva (id_reserva, id_habitacion, noches) VALUES (175, 50, 7);
INSERT INTO detalle_reserva (id_reserva, id_habitacion, noches) VALUES (176, 32, 6);
INSERT INTO detalle_reserva (id_reserva, id_habitacion, noches) VALUES (177, 50, 7);
INSERT INTO detalle_reserva (id_reserva, id_habitacion, noches) VALUES (178, 3, 2);
INSERT INTO detalle_reserva (id_reserva, id_habitacion, noches) VALUES (179, 40, 1);
INSERT INTO detalle_reserva (id_reserva, id_habitacion, noches) VALUES (180, 26, 1);
INSERT INTO detalle_reserva (id_reserva, id_habitacion, noches) VALUES (181, 20, 2);
INSERT INTO detalle_reserva (id_reserva, id_habitacion, noches) VALUES (182, 49, 3);
INSERT INTO detalle_reserva (id_reserva, id_habitacion, noches) VALUES (183, 18, 2);
INSERT INTO detalle_reserva (id_reserva, id_habitacion, noches) VALUES (184, 12, 2);
INSERT INTO detalle_reserva (id_reserva, id_habitacion, noches) VALUES (185, 31, 6);
INSERT INTO detalle_reserva (id_reserva, id_habitacion, noches) VALUES (186, 13, 1);
INSERT INTO detalle_reserva (id_reserva, id_habitacion, noches) VALUES (187, 21, 7);
INSERT INTO detalle_reserva (id_reserva, id_habitacion, noches) VALUES (188, 13, 7);
INSERT INTO detalle_reserva (id_reserva, id_habitacion, noches) VALUES (189, 9, 3);
INSERT INTO detalle_reserva (id_reserva, id_habitacion, noches) VALUES (190, 6, 3);
INSERT INTO detalle_reserva (id_reserva, id_habitacion, noches) VALUES (191, 28, 2);
INSERT INTO detalle_reserva (id_reserva, id_habitacion, noches) VALUES (192, 44, 2);
INSERT INTO detalle_reserva (id_reserva, id_habitacion, noches) VALUES (193, 8, 5);
INSERT INTO detalle_reserva (id_reserva, id_habitacion, noches) VALUES (194, 40, 6);
INSERT INTO detalle_reserva (id_reserva, id_habitacion, noches) VALUES (195, 39, 4);
INSERT INTO detalle_reserva (id_reserva, id_habitacion, noches) VALUES (196, 17, 1);
INSERT INTO detalle_reserva (id_reserva, id_habitacion, noches) VALUES (197, 15, 3);
INSERT INTO detalle_reserva (id_reserva, id_habitacion, noches) VALUES (198, 28, 2);
INSERT INTO detalle_reserva (id_reserva, id_habitacion, noches) VALUES (199, 18, 3);
INSERT INTO detalle_reserva (id_reserva, id_habitacion, noches) VALUES (200, 10, 5);
INSERT INTO detalle_reserva (id_reserva, id_habitacion, noches) VALUES (201, 11, 7);
INSERT INTO detalle_reserva (id_reserva, id_habitacion, noches) VALUES (202, 34, 1);
INSERT INTO detalle_reserva (id_reserva, id_habitacion, noches) VALUES (203, 24, 2);
INSERT INTO detalle_reserva (id_reserva, id_habitacion, noches) VALUES (204, 25, 2);
INSERT INTO detalle_reserva (id_reserva, id_habitacion, noches) VALUES (205, 23, 4);
INSERT INTO detalle_reserva (id_reserva, id_habitacion, noches) VALUES (206, 30, 7);
INSERT INTO detalle_reserva (id_reserva, id_habitacion, noches) VALUES (207, 20, 7);
INSERT INTO detalle_reserva (id_reserva, id_habitacion, noches) VALUES (208, 19, 6);
INSERT INTO detalle_reserva (id_reserva, id_habitacion, noches) VALUES (209, 21, 5);
INSERT INTO detalle_reserva (id_reserva, id_habitacion, noches) VALUES (210, 48, 1);
INSERT INTO detalle_reserva (id_reserva, id_habitacion, noches) VALUES (211, 1, 7);
INSERT INTO detalle_reserva (id_reserva, id_habitacion, noches) VALUES (212, 49, 2);
INSERT INTO detalle_reserva (id_reserva, id_habitacion, noches) VALUES (213, 27, 1);
INSERT INTO detalle_reserva (id_reserva, id_habitacion, noches) VALUES (214, 13, 5);
INSERT INTO detalle_reserva (id_reserva, id_habitacion, noches) VALUES (215, 18, 7);
INSERT INTO detalle_reserva (id_reserva, id_habitacion, noches) VALUES (216, 25, 4);
INSERT INTO detalle_reserva (id_reserva, id_habitacion, noches) VALUES (217, 35, 2);
INSERT INTO detalle_reserva (id_reserva, id_habitacion, noches) VALUES (218, 26, 4);
INSERT INTO detalle_reserva (id_reserva, id_habitacion, noches) VALUES (219, 29, 3);
INSERT INTO detalle_reserva (id_reserva, id_habitacion, noches) VALUES (220, 4, 7);
INSERT INTO detalle_reserva (id_reserva, id_habitacion, noches) VALUES (221, 10, 5);
INSERT INTO detalle_reserva (id_reserva, id_habitacion, noches) VALUES (222, 26, 2);
INSERT INTO detalle_reserva (id_reserva, id_habitacion, noches) VALUES (223, 41, 5);
INSERT INTO detalle_reserva (id_reserva, id_habitacion, noches) VALUES (224, 48, 2);
INSERT INTO detalle_reserva (id_reserva, id_habitacion, noches) VALUES (225, 32, 1);
INSERT INTO detalle_reserva (id_reserva, id_habitacion, noches) VALUES (226, 2, 7);
INSERT INTO detalle_reserva (id_reserva, id_habitacion, noches) VALUES (227, 47, 5);
INSERT INTO detalle_reserva (id_reserva, id_habitacion, noches) VALUES (228, 20, 5);
INSERT INTO detalle_reserva (id_reserva, id_habitacion, noches) VALUES (229, 15, 6);
INSERT INTO detalle_reserva (id_reserva, id_habitacion, noches) VALUES (230, 31, 1);
INSERT INTO detalle_reserva (id_reserva, id_habitacion, noches) VALUES (231, 16, 1);
INSERT INTO detalle_reserva (id_reserva, id_habitacion, noches) VALUES (232, 37, 4);
INSERT INTO detalle_reserva (id_reserva, id_habitacion, noches) VALUES (233, 40, 4);
INSERT INTO detalle_reserva (id_reserva, id_habitacion, noches) VALUES (234, 42, 7);
INSERT INTO detalle_reserva (id_reserva, id_habitacion, noches) VALUES (235, 34, 7);
INSERT INTO detalle_reserva (id_reserva, id_habitacion, noches) VALUES (236, 33, 7);
INSERT INTO detalle_reserva (id_reserva, id_habitacion, noches) VALUES (237, 35, 7);
INSERT INTO detalle_reserva (id_reserva, id_habitacion, noches) VALUES (238, 45, 4);
INSERT INTO detalle_reserva (id_reserva, id_habitacion, noches) VALUES (239, 48, 2);
INSERT INTO detalle_reserva (id_reserva, id_habitacion, noches) VALUES (240, 4, 4);
INSERT INTO detalle_reserva (id_reserva, id_habitacion, noches) VALUES (241, 34, 3);
INSERT INTO detalle_reserva (id_reserva, id_habitacion, noches) VALUES (242, 27, 7);
INSERT INTO detalle_reserva (id_reserva, id_habitacion, noches) VALUES (243, 26, 6);
INSERT INTO detalle_reserva (id_reserva, id_habitacion, noches) VALUES (244, 23, 6);
INSERT INTO detalle_reserva (id_reserva, id_habitacion, noches) VALUES (245, 4, 2);
INSERT INTO detalle_reserva (id_reserva, id_habitacion, noches) VALUES (246, 19, 6);
INSERT INTO detalle_reserva (id_reserva, id_habitacion, noches) VALUES (247, 29, 6);
INSERT INTO detalle_reserva (id_reserva, id_habitacion, noches) VALUES (248, 8, 1);
INSERT INTO detalle_reserva (id_reserva, id_habitacion, noches) VALUES (249, 36, 2);
INSERT INTO detalle_reserva (id_reserva, id_habitacion, noches) VALUES (250, 48, 5);
INSERT INTO detalle_reserva (id_reserva, id_habitacion, noches) VALUES (251, 46, 7);
INSERT INTO detalle_reserva (id_reserva, id_habitacion, noches) VALUES (252, 41, 4);
INSERT INTO detalle_reserva (id_reserva, id_habitacion, noches) VALUES (253, 39, 1);
INSERT INTO detalle_reserva (id_reserva, id_habitacion, noches) VALUES (254, 46, 1);
INSERT INTO detalle_reserva (id_reserva, id_habitacion, noches) VALUES (255, 42, 1);
INSERT INTO detalle_reserva (id_reserva, id_habitacion, noches) VALUES (256, 37, 7);
INSERT INTO detalle_reserva (id_reserva, id_habitacion, noches) VALUES (257, 33, 6);
INSERT INTO detalle_reserva (id_reserva, id_habitacion, noches) VALUES (258, 18, 6);
INSERT INTO detalle_reserva (id_reserva, id_habitacion, noches) VALUES (259, 46, 6);
INSERT INTO detalle_reserva (id_reserva, id_habitacion, noches) VALUES (260, 32, 3);
INSERT INTO detalle_reserva (id_reserva, id_habitacion, noches) VALUES (261, 45, 4);
INSERT INTO detalle_reserva (id_reserva, id_habitacion, noches) VALUES (262, 36, 3);
INSERT INTO detalle_reserva (id_reserva, id_habitacion, noches) VALUES (263, 28, 2);
INSERT INTO detalle_reserva (id_reserva, id_habitacion, noches) VALUES (264, 41, 5);
INSERT INTO detalle_reserva (id_reserva, id_habitacion, noches) VALUES (265, 40, 1);
INSERT INTO detalle_reserva (id_reserva, id_habitacion, noches) VALUES (266, 38, 7);
INSERT INTO detalle_reserva (id_reserva, id_habitacion, noches) VALUES (267, 2, 3);
INSERT INTO detalle_reserva (id_reserva, id_habitacion, noches) VALUES (268, 42, 4);
INSERT INTO detalle_reserva (id_reserva, id_habitacion, noches) VALUES (269, 18, 1);
INSERT INTO detalle_reserva (id_reserva, id_habitacion, noches) VALUES (270, 18, 6);
INSERT INTO detalle_reserva (id_reserva, id_habitacion, noches) VALUES (271, 4, 1);
INSERT INTO detalle_reserva (id_reserva, id_habitacion, noches) VALUES (272, 9, 5);
INSERT INTO detalle_reserva (id_reserva, id_habitacion, noches) VALUES (273, 28, 6);
INSERT INTO detalle_reserva (id_reserva, id_habitacion, noches) VALUES (274, 49, 3);
INSERT INTO detalle_reserva (id_reserva, id_habitacion, noches) VALUES (275, 48, 1);
INSERT INTO detalle_reserva (id_reserva, id_habitacion, noches) VALUES (276, 34, 2);
INSERT INTO detalle_reserva (id_reserva, id_habitacion, noches) VALUES (277, 23, 4);
INSERT INTO detalle_reserva (id_reserva, id_habitacion, noches) VALUES (278, 17, 2);
INSERT INTO detalle_reserva (id_reserva, id_habitacion, noches) VALUES (279, 48, 5);
INSERT INTO detalle_reserva (id_reserva, id_habitacion, noches) VALUES (280, 14, 7);
INSERT INTO detalle_reserva (id_reserva, id_habitacion, noches) VALUES (281, 25, 7);
INSERT INTO detalle_reserva (id_reserva, id_habitacion, noches) VALUES (282, 32, 1);
INSERT INTO detalle_reserva (id_reserva, id_habitacion, noches) VALUES (283, 13, 4);
INSERT INTO detalle_reserva (id_reserva, id_habitacion, noches) VALUES (284, 28, 4);
INSERT INTO detalle_reserva (id_reserva, id_habitacion, noches) VALUES (285, 36, 6);
INSERT INTO detalle_reserva (id_reserva, id_habitacion, noches) VALUES (286, 41, 6);
INSERT INTO detalle_reserva (id_reserva, id_habitacion, noches) VALUES (287, 1, 6);
INSERT INTO detalle_reserva (id_reserva, id_habitacion, noches) VALUES (288, 37, 5);
INSERT INTO detalle_reserva (id_reserva, id_habitacion, noches) VALUES (289, 16, 4);
INSERT INTO detalle_reserva (id_reserva, id_habitacion, noches) VALUES (290, 14, 7);
INSERT INTO detalle_reserva (id_reserva, id_habitacion, noches) VALUES (291, 43, 5);
INSERT INTO detalle_reserva (id_reserva, id_habitacion, noches) VALUES (292, 15, 4);
INSERT INTO detalle_reserva (id_reserva, id_habitacion, noches) VALUES (293, 8, 4);
INSERT INTO detalle_reserva (id_reserva, id_habitacion, noches) VALUES (294, 43, 3);
INSERT INTO detalle_reserva (id_reserva, id_habitacion, noches) VALUES (295, 26, 1);
INSERT INTO detalle_reserva (id_reserva, id_habitacion, noches) VALUES (296, 14, 1);
INSERT INTO detalle_reserva (id_reserva, id_habitacion, noches) VALUES (297, 42, 6);
INSERT INTO detalle_reserva (id_reserva, id_habitacion, noches) VALUES (298, 7, 6);
INSERT INTO detalle_reserva (id_reserva, id_habitacion, noches) VALUES (299, 30, 2);
INSERT INTO detalle_reserva (id_reserva, id_habitacion, noches) VALUES (300, 9, 3);

-- INSERTS PARA FACTURAS
INSERT INTO facturas (id_factura, id_reserva, total, fecha_pago, metodo_pago) VALUES (1, 1, 252.91, '2024-01-11', 'Transferencia');
INSERT INTO facturas (id_factura, id_reserva, total, fecha_pago, metodo_pago) VALUES (2, 2, 1022.63, '2024-08-02', 'Efectivo');
INSERT INTO facturas (id_factura, id_reserva, total, fecha_pago, metodo_pago) VALUES (3, 3, 726.55, '2024-02-02', 'Tarjeta');
INSERT INTO facturas (id_factura, id_reserva, total, fecha_pago, metodo_pago) VALUES (4, 4, 1436.57, '2024-09-26', 'Tarjeta');
INSERT INTO facturas (id_factura, id_reserva, total, fecha_pago, metodo_pago) VALUES (5, 5, 807.49, '2025-06-22', 'Tarjeta');
INSERT INTO facturas (id_factura, id_reserva, total, fecha_pago, metodo_pago) VALUES (6, 6, 458.44, '2025-03-22', 'Efectivo');
INSERT INTO facturas (id_factura, id_reserva, total, fecha_pago, metodo_pago) VALUES (7, 7, 1372.63, '2024-11-21', 'Efectivo');
INSERT INTO facturas (id_factura, id_reserva, total, fecha_pago, metodo_pago) VALUES (8, 8, 803.23, '2025-05-08', 'Efectivo');
INSERT INTO facturas (id_factura, id_reserva, total, fecha_pago, metodo_pago) VALUES (9, 9, 985.14, '2023-09-09', 'Transferencia');
INSERT INTO facturas (id_factura, id_reserva, total, fecha_pago, metodo_pago) VALUES (10, 10, 963.43, '2025-06-02', 'Tarjeta');
INSERT INTO facturas (id_factura, id_reserva, total, fecha_pago, metodo_pago) VALUES (11, 11, 1319.86, '2023-12-31', 'Transferencia');
INSERT INTO facturas (id_factura, id_reserva, total, fecha_pago, metodo_pago) VALUES (12, 12, 575.92, '2025-04-29', 'Efectivo');
INSERT INTO facturas (id_factura, id_reserva, total, fecha_pago, metodo_pago) VALUES (13, 13, 1028.97, '2024-10-09', 'Transferencia');
INSERT INTO facturas (id_factura, id_reserva, total, fecha_pago, metodo_pago) VALUES (14, 14, 623.3, '2024-09-15', 'Efectivo');
INSERT INTO facturas (id_factura, id_reserva, total, fecha_pago, metodo_pago) VALUES (15, 15, 211.12, '2023-08-21', 'Tarjeta');
INSERT INTO facturas (id_factura, id_reserva, total, fecha_pago, metodo_pago) VALUES (16, 16, 219.72, '2024-09-11', 'Tarjeta');
INSERT INTO facturas (id_factura, id_reserva, total, fecha_pago, metodo_pago) VALUES (17, 17, 1445.96, '2025-02-15', 'Efectivo');
INSERT INTO facturas (id_factura, id_reserva, total, fecha_pago, metodo_pago) VALUES (18, 18, 1036.56, '2024-06-08', 'Transferencia');
INSERT INTO facturas (id_factura, id_reserva, total, fecha_pago, metodo_pago) VALUES (19, 19, 1196.11, '2025-02-24', 'Tarjeta');
INSERT INTO facturas (id_factura, id_reserva, total, fecha_pago, metodo_pago) VALUES (20, 20, 796.71, '2023-09-04', 'Transferencia');
INSERT INTO facturas (id_factura, id_reserva, total, fecha_pago, metodo_pago) VALUES (21, 21, 228.25, '2024-02-05', 'Efectivo');
INSERT INTO facturas (id_factura, id_reserva, total, fecha_pago, metodo_pago) VALUES (22, 22, 592.58, '2023-12-10', 'Transferencia');
INSERT INTO facturas (id_factura, id_reserva, total, fecha_pago, metodo_pago) VALUES (23, 23, 916.64, '2024-11-25', 'Tarjeta');
INSERT INTO facturas (id_factura, id_reserva, total, fecha_pago, metodo_pago) VALUES (24, 24, 817.32, '2024-08-20', 'Efectivo');
INSERT INTO facturas (id_factura, id_reserva, total, fecha_pago, metodo_pago) VALUES (25, 25, 1117.07, '2024-12-29', 'Transferencia');
INSERT INTO facturas (id_factura, id_reserva, total, fecha_pago, metodo_pago) VALUES (26, 26, 1193.72, '2025-04-25', 'Transferencia');
INSERT INTO facturas (id_factura, id_reserva, total, fecha_pago, metodo_pago) VALUES (27, 27, 456.74, '2025-02-17', 'Transferencia');
INSERT INTO facturas (id_factura, id_reserva, total, fecha_pago, metodo_pago) VALUES (28, 28, 793.22, '2024-06-23', 'Tarjeta');
INSERT INTO facturas (id_factura, id_reserva, total, fecha_pago, metodo_pago) VALUES (29, 29, 1030.53, '2024-08-01', 'Transferencia');
INSERT INTO facturas (id_factura, id_reserva, total, fecha_pago, metodo_pago) VALUES (30, 30, 967.56, '2024-11-27', 'Efectivo');
INSERT INTO facturas (id_factura, id_reserva, total, fecha_pago, metodo_pago) VALUES (31, 31, 1353.93, '2024-11-01', 'Transferencia');
INSERT INTO facturas (id_factura, id_reserva, total, fecha_pago, metodo_pago) VALUES (32, 32, 393.57, '2024-01-06', 'Transferencia');
INSERT INTO facturas (id_factura, id_reserva, total, fecha_pago, metodo_pago) VALUES (33, 33, 1131.67, '2024-06-05', 'Efectivo');
INSERT INTO facturas (id_factura, id_reserva, total, fecha_pago, metodo_pago) VALUES (34, 34, 421.37, '2024-10-31', 'Tarjeta');
INSERT INTO facturas (id_factura, id_reserva, total, fecha_pago, metodo_pago) VALUES (35, 35, 1274.86, '2024-07-21', 'Tarjeta');
INSERT INTO facturas (id_factura, id_reserva, total, fecha_pago, metodo_pago) VALUES (36, 36, 1426.88, '2024-11-14', 'Transferencia');
INSERT INTO facturas (id_factura, id_reserva, total, fecha_pago, metodo_pago) VALUES (37, 37, 752.14, '2025-07-18', 'Tarjeta');
INSERT INTO facturas (id_factura, id_reserva, total, fecha_pago, metodo_pago) VALUES (38, 38, 928.84, '2025-05-01', 'Transferencia');
INSERT INTO facturas (id_factura, id_reserva, total, fecha_pago, metodo_pago) VALUES (39, 39, 955.58, '2025-05-06', 'Tarjeta');
INSERT INTO facturas (id_factura, id_reserva, total, fecha_pago, metodo_pago) VALUES (40, 40, 656.03, '2024-11-25', 'Efectivo');
INSERT INTO facturas (id_factura, id_reserva, total, fecha_pago, metodo_pago) VALUES (41, 41, 880.29, '2024-10-23', 'Efectivo');
INSERT INTO facturas (id_factura, id_reserva, total, fecha_pago, metodo_pago) VALUES (42, 42, 1168.19, '2025-02-17', 'Tarjeta');
INSERT INTO facturas (id_factura, id_reserva, total, fecha_pago, metodo_pago) VALUES (43, 43, 291.28, '2024-10-10', 'Tarjeta');
INSERT INTO facturas (id_factura, id_reserva, total, fecha_pago, metodo_pago) VALUES (44, 44, 821.26, '2024-12-03', 'Efectivo');
INSERT INTO facturas (id_factura, id_reserva, total, fecha_pago, metodo_pago) VALUES (45, 45, 379.75, '2023-12-07', 'Tarjeta');
INSERT INTO facturas (id_factura, id_reserva, total, fecha_pago, metodo_pago) VALUES (46, 46, 1084.33, '2024-06-08', 'Transferencia');
INSERT INTO facturas (id_factura, id_reserva, total, fecha_pago, metodo_pago) VALUES (47, 47, 211.01, '2024-05-25', 'Transferencia');
INSERT INTO facturas (id_factura, id_reserva, total, fecha_pago, metodo_pago) VALUES (48, 48, 422.12, '2024-01-24', 'Efectivo');
INSERT INTO facturas (id_factura, id_reserva, total, fecha_pago, metodo_pago) VALUES (49, 49, 674.36, '2024-01-15', 'Transferencia');
INSERT INTO facturas (id_factura, id_reserva, total, fecha_pago, metodo_pago) VALUES (50, 50, 996.65, '2023-11-05', 'Efectivo');
INSERT INTO facturas (id_factura, id_reserva, total, fecha_pago, metodo_pago) VALUES (51, 51, 656.06, '2025-06-04', 'Tarjeta');
INSERT INTO facturas (id_factura, id_reserva, total, fecha_pago, metodo_pago) VALUES (52, 52, 1325.97, '2024-09-03', 'Transferencia');
INSERT INTO facturas (id_factura, id_reserva, total, fecha_pago, metodo_pago) VALUES (53, 53, 1167.74, '2024-01-07', 'Efectivo');
INSERT INTO facturas (id_factura, id_reserva, total, fecha_pago, metodo_pago) VALUES (54, 54, 829.39, '2024-01-19', 'Efectivo');
INSERT INTO facturas (id_factura, id_reserva, total, fecha_pago, metodo_pago) VALUES (55, 55, 280.85, '2023-10-27', 'Transferencia');
INSERT INTO facturas (id_factura, id_reserva, total, fecha_pago, metodo_pago) VALUES (56, 56, 1254.1, '2023-12-16', 'Tarjeta');
INSERT INTO facturas (id_factura, id_reserva, total, fecha_pago, metodo_pago) VALUES (57, 57, 842.05, '2025-01-02', 'Tarjeta');
INSERT INTO facturas (id_factura, id_reserva, total, fecha_pago, metodo_pago) VALUES (58, 58, 222.2, '2024-05-27', 'Tarjeta');
INSERT INTO facturas (id_factura, id_reserva, total, fecha_pago, metodo_pago) VALUES (59, 59, 645.07, '2024-09-29', 'Transferencia');
INSERT INTO facturas (id_factura, id_reserva, total, fecha_pago, metodo_pago) VALUES (60, 60, 955.83, '2024-07-01', 'Transferencia');
INSERT INTO facturas (id_factura, id_reserva, total, fecha_pago, metodo_pago) VALUES (61, 61, 1334.76, '2023-08-20', 'Efectivo');
INSERT INTO facturas (id_factura, id_reserva, total, fecha_pago, metodo_pago) VALUES (62, 62, 716.78, '2025-05-26', 'Tarjeta');
INSERT INTO facturas (id_factura, id_reserva, total, fecha_pago, metodo_pago) VALUES (63, 63, 852.4, '2023-10-11', 'Tarjeta');
INSERT INTO facturas (id_factura, id_reserva, total, fecha_pago, metodo_pago) VALUES (64, 64, 338.29, '2023-11-18', 'Tarjeta');
INSERT INTO facturas (id_factura, id_reserva, total, fecha_pago, metodo_pago) VALUES (65, 65, 673.9, '2025-05-15', 'Tarjeta');
INSERT INTO facturas (id_factura, id_reserva, total, fecha_pago, metodo_pago) VALUES (66, 66, 538.65, '2025-01-23', 'Transferencia');
INSERT INTO facturas (id_factura, id_reserva, total, fecha_pago, metodo_pago) VALUES (67, 67, 774.03, '2024-09-14', 'Efectivo');
INSERT INTO facturas (id_factura, id_reserva, total, fecha_pago, metodo_pago) VALUES (68, 68, 344.76, '2024-08-19', 'Tarjeta');
INSERT INTO facturas (id_factura, id_reserva, total, fecha_pago, metodo_pago) VALUES (69, 69, 725.08, '2023-12-29', 'Tarjeta');
INSERT INTO facturas (id_factura, id_reserva, total, fecha_pago, metodo_pago) VALUES (70, 70, 386.77, '2025-05-14', 'Transferencia');
INSERT INTO facturas (id_factura, id_reserva, total, fecha_pago, metodo_pago) VALUES (71, 71, 1039.02, '2023-08-21', 'Transferencia');
INSERT INTO facturas (id_factura, id_reserva, total, fecha_pago, metodo_pago) VALUES (72, 72, 1297.88, '2025-04-08', 'Tarjeta');
INSERT INTO facturas (id_factura, id_reserva, total, fecha_pago, metodo_pago) VALUES (73, 73, 1189.74, '2024-09-24', 'Transferencia');
INSERT INTO facturas (id_factura, id_reserva, total, fecha_pago, metodo_pago) VALUES (74, 74, 928.68, '2024-01-15', 'Tarjeta');
INSERT INTO facturas (id_factura, id_reserva, total, fecha_pago, metodo_pago) VALUES (75, 75, 959.92, '2025-05-26', 'Efectivo');
INSERT INTO facturas (id_factura, id_reserva, total, fecha_pago, metodo_pago) VALUES (76, 76, 1161.61, '2024-12-10', 'Tarjeta');
INSERT INTO facturas (id_factura, id_reserva, total, fecha_pago, metodo_pago) VALUES (77, 77, 691.5, '2023-10-02', 'Transferencia');
INSERT INTO facturas (id_factura, id_reserva, total, fecha_pago, metodo_pago) VALUES (78, 78, 598.6, '2025-05-30', 'Efectivo');
INSERT INTO facturas (id_factura, id_reserva, total, fecha_pago, metodo_pago) VALUES (79, 79, 851.97, '2023-10-26', 'Transferencia');
INSERT INTO facturas (id_factura, id_reserva, total, fecha_pago, metodo_pago) VALUES (80, 80, 1179.44, '2023-12-17', 'Efectivo');
INSERT INTO facturas (id_factura, id_reserva, total, fecha_pago, metodo_pago) VALUES (81, 81, 224.62, '2025-06-13', 'Efectivo');
INSERT INTO facturas (id_factura, id_reserva, total, fecha_pago, metodo_pago) VALUES (82, 82, 673.2, '2025-03-25', 'Tarjeta');
INSERT INTO facturas (id_factura, id_reserva, total, fecha_pago, metodo_pago) VALUES (83, 83, 794.48, '2025-01-05', 'Tarjeta');
INSERT INTO facturas (id_factura, id_reserva, total, fecha_pago, metodo_pago) VALUES (84, 84, 1156.26, '2024-01-04', 'Transferencia');
INSERT INTO facturas (id_factura, id_reserva, total, fecha_pago, metodo_pago) VALUES (85, 85, 1101.71, '2024-01-04', 'Transferencia');
INSERT INTO facturas (id_factura, id_reserva, total, fecha_pago, metodo_pago) VALUES (86, 86, 243.07, '2025-02-01', 'Tarjeta');
INSERT INTO facturas (id_factura, id_reserva, total, fecha_pago, metodo_pago) VALUES (87, 87, 377.17, '2025-06-14', 'Efectivo');
INSERT INTO facturas (id_factura, id_reserva, total, fecha_pago, metodo_pago) VALUES (88, 88, 666.29, '2023-08-12', 'Transferencia');
INSERT INTO facturas (id_factura, id_reserva, total, fecha_pago, metodo_pago) VALUES (89, 89, 1214.46, '2025-03-09', 'Efectivo');
INSERT INTO facturas (id_factura, id_reserva, total, fecha_pago, metodo_pago) VALUES (90, 90, 1066.73, '2023-10-15', 'Efectivo');
INSERT INTO facturas (id_factura, id_reserva, total, fecha_pago, metodo_pago) VALUES (91, 91, 672.7, '2025-03-16', 'Efectivo');
INSERT INTO facturas (id_factura, id_reserva, total, fecha_pago, metodo_pago) VALUES (92, 92, 1022.29, '2025-07-10', 'Tarjeta');
INSERT INTO facturas (id_factura, id_reserva, total, fecha_pago, metodo_pago) VALUES (93, 93, 778.43, '2024-06-02', 'Tarjeta');
INSERT INTO facturas (id_factura, id_reserva, total, fecha_pago, metodo_pago) VALUES (94, 94, 297.0, '2025-01-08', 'Tarjeta');
INSERT INTO facturas (id_factura, id_reserva, total, fecha_pago, metodo_pago) VALUES (95, 95, 1155.16, '2025-05-26', 'Tarjeta');
INSERT INTO facturas (id_factura, id_reserva, total, fecha_pago, metodo_pago) VALUES (96, 96, 812.73, '2023-10-06', 'Tarjeta');
INSERT INTO facturas (id_factura, id_reserva, total, fecha_pago, metodo_pago) VALUES (97, 97, 535.26, '2025-06-26', 'Tarjeta');
INSERT INTO facturas (id_factura, id_reserva, total, fecha_pago, metodo_pago) VALUES (98, 98, 350.89, '2024-02-29', 'Efectivo');
INSERT INTO facturas (id_factura, id_reserva, total, fecha_pago, metodo_pago) VALUES (99, 99, 850.99, '2024-07-11', 'Efectivo');
INSERT INTO facturas (id_factura, id_reserva, total, fecha_pago, metodo_pago) VALUES (100, 100, 540.45, '2025-06-08', 'Efectivo');
INSERT INTO facturas (id_factura, id_reserva, total, fecha_pago, metodo_pago) VALUES (101, 101, 394.24, '2024-08-13', 'Transferencia');
INSERT INTO facturas (id_factura, id_reserva, total, fecha_pago, metodo_pago) VALUES (102, 102, 573.69, '2025-07-20', 'Transferencia');
INSERT INTO facturas (id_factura, id_reserva, total, fecha_pago, metodo_pago) VALUES (103, 103, 1080.14,'2024-01-25', 'Efectivo');
INSERT INTO facturas (id_factura, id_reserva, total, fecha_pago, metodo_pago) VALUES (104, 104, 807.13, '2025-07-15', 'Transferencia');
INSERT INTO facturas (id_factura, id_reserva, total, fecha_pago, metodo_pago) VALUES (105, 105, 506.97, '2024-03-23', 'Efectivo');
INSERT INTO facturas (id_factura, id_reserva, total, fecha_pago, metodo_pago) VALUES (106, 106, 622.41, '2024-03-25', 'Efectivo');
INSERT INTO facturas (id_factura, id_reserva, total, fecha_pago, metodo_pago) VALUES (107, 107, 1026.25, '2024-05-19', 'Tarjeta');
INSERT INTO facturas (id_factura, id_reserva, total, fecha_pago, metodo_pago) VALUES (108, 108, 773.76, '2025-05-04', 'Efectivo');
INSERT INTO facturas (id_factura, id_reserva, total, fecha_pago, metodo_pago) VALUES (109, 109, 1243.49, '2024-11-13', 'Transferencia');
INSERT INTO facturas (id_factura, id_reserva, total, fecha_pago, metodo_pago) VALUES (110, 110, 1139.83, '2025-05-28', 'Transferencia');
INSERT INTO facturas (id_factura, id_reserva, total, fecha_pago, metodo_pago) VALUES (111, 111, 1376.79, '2024-12-18', 'Efectivo');
INSERT INTO facturas (id_factura, id_reserva, total, fecha_pago, metodo_pago) VALUES (112, 112, 863.74, '2024-10-14', 'Transferencia');
INSERT INTO facturas (id_factura, id_reserva, total, fecha_pago, metodo_pago) VALUES (113, 113, 1404.47, '2024-07-07', 'Efectivo');
INSERT INTO facturas (id_factura, id_reserva, total, fecha_pago, metodo_pago) VALUES (114, 114, 515.01, '2024-12-17', 'Tarjeta');
INSERT INTO facturas (id_factura, id_reserva, total, fecha_pago, metodo_pago) VALUES (115, 115, 1436.69, '2023-11-02', 'Tarjeta');
INSERT INTO facturas (id_factura, id_reserva, total, fecha_pago, metodo_pago) VALUES (116, 116, 1004.8, '2025-04-17', 'Transferencia');
INSERT INTO facturas (id_factura, id_reserva, total, fecha_pago, metodo_pago) VALUES (117, 117, 732.44, '2024-07-03', 'Efectivo');
INSERT INTO facturas (id_factura, id_reserva, total, fecha_pago, metodo_pago) VALUES (118, 118, 1477.73, '2024-06-01', 'Efectivo');
INSERT INTO facturas (id_factura, id_reserva, total, fecha_pago, metodo_pago) VALUES (119, 119, 359.64, '2025-05-25', 'Transferencia');
INSERT INTO facturas (id_factura, id_reserva, total, fecha_pago, metodo_pago) VALUES (120, 120, 462.25, '2025-03-04', 'Efectivo');
INSERT INTO facturas (id_factura, id_reserva, total, fecha_pago, metodo_pago) VALUES (121, 121, 1236.64, '2024-10-30', 'Tarjeta');
INSERT INTO facturas (id_factura, id_reserva, total, fecha_pago, metodo_pago) VALUES (122, 122, 352.24, '2025-05-24', 'Transferencia');
INSERT INTO facturas (id_factura, id_reserva, total, fecha_pago, metodo_pago) VALUES (123, 123, 967.81, '2025-04-16', 'Efectivo');
INSERT INTO facturas (id_factura, id_reserva, total, fecha_pago, metodo_pago) VALUES (124, 124, 996.15, '2025-03-19', 'Transferencia');
INSERT INTO facturas (id_factura, id_reserva, total, fecha_pago, metodo_pago) VALUES (125, 125, 448.11, '2024-09-20', 'Transferencia');
INSERT INTO facturas (id_factura, id_reserva, total, fecha_pago, metodo_pago) VALUES (126, 126, 1047.31, '2025-03-01', 'Tarjeta');
INSERT INTO facturas (id_factura, id_reserva, total, fecha_pago, metodo_pago) VALUES (127, 127, 588.04, '2024-11-22', 'Tarjeta');
INSERT INTO facturas (id_factura, id_reserva, total, fecha_pago, metodo_pago) VALUES (128, 128, 793.85, '2025-04-03', 'Transferencia');
INSERT INTO facturas (id_factura, id_reserva, total, fecha_pago, metodo_pago) VALUES (129, 129, 491.74, '2023-10-06', 'Transferencia');
INSERT INTO facturas (id_factura, id_reserva, total, fecha_pago, metodo_pago) VALUES (130, 130, 1087.43, '2023-12-22', 'Efectivo');
INSERT INTO facturas (id_factura, id_reserva, total, fecha_pago, metodo_pago) VALUES (131, 131, 579.99, '2024-07-26', 'Transferencia');
INSERT INTO facturas (id_factura, id_reserva, total, fecha_pago, metodo_pago) VALUES (132, 132, 922.58, '2024-07-17', 'Tarjeta');
INSERT INTO facturas (id_factura, id_reserva, total, fecha_pago, metodo_pago) VALUES (133, 133, 1059.08, '2023-09-17', 'Transferencia');
INSERT INTO facturas (id_factura, id_reserva, total, fecha_pago, metodo_pago) VALUES (134, 134, 1398.85, '2024-02-29', 'Efectivo');
INSERT INTO facturas (id_factura, id_reserva, total, fecha_pago, metodo_pago) VALUES (135, 135, 989.39, '2024-07-19', 'Tarjeta');
INSERT INTO facturas (id_factura, id_reserva, total, fecha_pago, metodo_pago) VALUES (136, 136, 517.3, '2024-07-21', 'Tarjeta');
INSERT INTO facturas (id_factura, id_reserva, total, fecha_pago, metodo_pago) VALUES (137, 137, 1022.97, '2024-04-28', 'Tarjeta');
INSERT INTO facturas (id_factura, id_reserva, total, fecha_pago, metodo_pago) VALUES (138, 138, 945.14, '2025-04-20', 'Tarjeta');
INSERT INTO facturas (id_factura, id_reserva, total, fecha_pago, metodo_pago) VALUES (139, 139, 471.4, '2023-12-31', 'Tarjeta');
INSERT INTO facturas (id_factura, id_reserva, total, fecha_pago, metodo_pago) VALUES (140, 140, 1280.52, '2024-12-18', 'Transferencia');
INSERT INTO facturas (id_factura, id_reserva, total, fecha_pago, metodo_pago) VALUES (141, 141, 567.31, '2024-06-18', 'Efectivo');
INSERT INTO facturas (id_factura, id_reserva, total, fecha_pago, metodo_pago) VALUES (142, 142, 310.03, '2024-07-09', 'Transferencia');
INSERT INTO facturas (id_factura, id_reserva, total, fecha_pago, metodo_pago) VALUES (143, 143, 430.37, '2023-12-08', 'Tarjeta');
INSERT INTO facturas (id_factura, id_reserva, total, fecha_pago, metodo_pago) VALUES (144, 144, 1281.55, '2025-06-17', 'Efectivo');
INSERT INTO facturas (id_factura, id_reserva, total, fecha_pago, metodo_pago) VALUES (145, 145, 1360.96, '2025-07-13', 'Efectivo');
INSERT INTO facturas (id_factura, id_reserva, total, fecha_pago, metodo_pago) VALUES (146, 146, 1066.58, '2024-12-30', 'Tarjeta');
INSERT INTO facturas (id_factura, id_reserva, total, fecha_pago, metodo_pago) VALUES (147, 147, 401.26, '2024-10-07', 'Efectivo');
INSERT INTO facturas (id_factura, id_reserva, total, fecha_pago, metodo_pago) VALUES (148, 148, 308.46, '2024-06-22', 'Efectivo');
INSERT INTO facturas (id_factura, id_reserva, total, fecha_pago, metodo_pago) VALUES (149, 149, 1185.87, '2025-02-12', 'Transferencia');
INSERT INTO facturas (id_factura, id_reserva, total, fecha_pago, metodo_pago) VALUES (150, 150, 507.56, '2025-01-28', 'Tarjeta');
INSERT INTO facturas (id_factura, id_reserva, total, fecha_pago, metodo_pago) VALUES (151, 151, 802.2, '2024-12-11', 'Efectivo');
INSERT INTO facturas (id_factura, id_reserva, total, fecha_pago, metodo_pago) VALUES (152, 152, 587.46, '2025-02-27', 'Transferencia');
INSERT INTO facturas (id_factura, id_reserva, total, fecha_pago, metodo_pago) VALUES (153, 153, 351.36, '2025-04-29', 'Efectivo');
INSERT INTO facturas (id_factura, id_reserva, total, fecha_pago, metodo_pago) VALUES (154, 154, 589.92, '2025-05-20', 'Transferencia');
INSERT INTO facturas (id_factura, id_reserva, total, fecha_pago, metodo_pago) VALUES (155, 155, 1062.71, '2023-09-22', 'Efectivo');
INSERT INTO facturas (id_factura, id_reserva, total, fecha_pago, metodo_pago) VALUES (156, 156, 317.05, '2023-11-24', 'Transferencia');
INSERT INTO facturas (id_factura, id_reserva, total, fecha_pago, metodo_pago) VALUES (157, 157, 566.46, '2023-07-26', 'Efectivo');
INSERT INTO facturas (id_factura, id_reserva, total, fecha_pago, metodo_pago) VALUES (158, 158, 480.43, '2024-04-02', 'Efectivo');
INSERT INTO facturas (id_factura, id_reserva, total, fecha_pago, metodo_pago) VALUES (159, 159, 693.67, '2024-01-23', 'Tarjeta');
INSERT INTO facturas (id_factura, id_reserva, total, fecha_pago, metodo_pago) VALUES (160, 160, 1489.04, '2024-03-23', 'Transferencia');
INSERT INTO facturas (id_factura, id_reserva, total, fecha_pago, metodo_pago) VALUES (161, 161, 484.9, '2025-04-03', 'Transferencia');
INSERT INTO facturas (id_factura, id_reserva, total, fecha_pago, metodo_pago) VALUES (162, 162, 1244.06, '2023-07-26', 'Transferencia');
INSERT INTO facturas (id_factura, id_reserva, total, fecha_pago, metodo_pago) VALUES (163, 163, 1193.19, '2025-07-04', 'Efectivo');
INSERT INTO facturas (id_factura, id_reserva, total, fecha_pago, metodo_pago) VALUES (164, 164, 807.99, '2024-12-01', 'Efectivo');
INSERT INTO facturas (id_factura, id_reserva, total, fecha_pago, metodo_pago) VALUES (165, 165, 380.99, '2025-06-25', 'Efectivo');
INSERT INTO facturas (id_factura, id_reserva, total, fecha_pago, metodo_pago) VALUES (166, 166, 1089.29, '2025-03-21', 'Efectivo');
INSERT INTO facturas (id_factura, id_reserva, total, fecha_pago, metodo_pago) VALUES (167, 167, 829.29, '2025-07-14', 'Efectivo');
INSERT INTO facturas (id_factura, id_reserva, total, fecha_pago, metodo_pago) VALUES (168, 168, 1089.85, '2025-05-10', 'Tarjeta');
INSERT INTO facturas (id_factura, id_reserva, total, fecha_pago, metodo_pago) VALUES (169, 169, 1050.75, '2025-05-14', 'Tarjeta');
INSERT INTO facturas (id_factura, id_reserva, total, fecha_pago, metodo_pago) VALUES (170, 170, 506.78, '2024-06-27', 'Transferencia');
INSERT INTO facturas (id_factura, id_reserva, total, fecha_pago, metodo_pago) VALUES (171, 171, 1036.07, '2023-11-12', 'Efectivo');
INSERT INTO facturas (id_factura, id_reserva, total, fecha_pago, metodo_pago) VALUES (172, 172, 521.91, '2023-08-26', 'Tarjeta');
INSERT INTO facturas (id_factura, id_reserva, total, fecha_pago, metodo_pago) VALUES (173, 173, 1470.68, '2024-11-27', 'Efectivo');
INSERT INTO facturas (id_factura, id_reserva, total, fecha_pago, metodo_pago) VALUES (174, 174, 1461.29, '2025-05-12', 'Efectivo');
INSERT INTO facturas (id_factura, id_reserva, total, fecha_pago, metodo_pago) VALUES (175, 175, 1124.75, '2023-10-10', 'Tarjeta');
INSERT INTO facturas (id_factura, id_reserva, total, fecha_pago, metodo_pago) VALUES (176, 176, 1039.0, '2024-05-28', 'Transferencia');
INSERT INTO facturas (id_factura, id_reserva, total, fecha_pago, metodo_pago) VALUES (177, 177, 317.49, '2025-07-23', 'Transferencia');
INSERT INTO facturas (id_factura, id_reserva, total, fecha_pago, metodo_pago) VALUES (178, 178, 608.17, '2025-02-04', 'Transferencia');
INSERT INTO facturas (id_factura, id_reserva, total, fecha_pago, metodo_pago) VALUES (179, 179, 923.67, '2024-03-08', 'Tarjeta');
INSERT INTO facturas (id_factura, id_reserva, total, fecha_pago, metodo_pago) VALUES (180, 180, 788.08, '2024-12-22', 'Efectivo');
INSERT INTO facturas (id_factura, id_reserva, total, fecha_pago, metodo_pago) VALUES (181, 181, 475.14, '2023-08-19', 'Tarjeta');
INSERT INTO facturas (id_factura, id_reserva, total, fecha_pago, metodo_pago) VALUES (182, 182, 596.52, '2025-03-01', 'Transferencia');
INSERT INTO facturas (id_factura, id_reserva, total, fecha_pago, metodo_pago) VALUES (183, 183, 701.31, '2024-08-31', 'Efectivo');
INSERT INTO facturas (id_factura, id_reserva, total, fecha_pago, metodo_pago) VALUES (184, 184, 533.93, '2024-01-24', 'Efectivo');
INSERT INTO facturas (id_factura, id_reserva, total, fecha_pago, metodo_pago) VALUES (185, 185, 1266.62, '2023-10-22', 'Tarjeta');
INSERT INTO facturas (id_factura, id_reserva, total, fecha_pago, metodo_pago) VALUES (186, 186, 1176.14, '2023-08-26', 'Efectivo');
INSERT INTO facturas (id_factura, id_reserva, total, fecha_pago, metodo_pago) VALUES (187, 187, 807.49, '2025-03-16', 'Transferencia');
INSERT INTO facturas (id_factura, id_reserva, total, fecha_pago, metodo_pago) VALUES (188, 188, 292.64, '2025-04-02', 'Transferencia');
INSERT INTO facturas (id_factura, id_reserva, total, fecha_pago, metodo_pago) VALUES (189, 189, 638.63, '2025-03-17', 'Transferencia');
INSERT INTO facturas (id_factura, id_reserva, total, fecha_pago, metodo_pago) VALUES (190, 190, 241.97, '2024-10-09', 'Transferencia');
INSERT INTO facturas (id_factura, id_reserva, total, fecha_pago, metodo_pago) VALUES (191, 191, 1257.31, '2023-11-12', 'Efectivo');
INSERT INTO facturas (id_factura, id_reserva, total, fecha_pago, metodo_pago) VALUES (192, 192, 615.48, '2024-02-02', 'Efectivo');
INSERT INTO facturas (id_factura, id_reserva, total, fecha_pago, metodo_pago) VALUES (193, 193, 765.57, '2023-11-25', 'Tarjeta');
INSERT INTO facturas (id_factura, id_reserva, total, fecha_pago, metodo_pago) VALUES (194, 194, 471.86, '2024-12-03', 'Tarjeta');
INSERT INTO facturas (id_factura, id_reserva, total, fecha_pago, metodo_pago) VALUES (195, 195, 1213.84, '2024-08-10', 'Tarjeta');
INSERT INTO facturas (id_factura, id_reserva, total, fecha_pago, metodo_pago) VALUES (196, 196, 417.95, '2025-04-22', 'Efectivo');
INSERT INTO facturas (id_factura, id_reserva, total, fecha_pago, metodo_pago) VALUES (197, 197, 311.19, '2024-08-09', 'Transferencia');
INSERT INTO facturas (id_factura, id_reserva, total, fecha_pago, metodo_pago) VALUES (198, 198, 271.28, '2025-06-10', 'Tarjeta');
INSERT INTO facturas (id_factura, id_reserva, total, fecha_pago, metodo_pago) VALUES (199, 199, 1439.31, '2024-12-09', 'Efectivo');
INSERT INTO facturas (id_factura, id_reserva, total, fecha_pago, metodo_pago) VALUES (200, 200, 821.81, '2024-12-13', 'Transferencia');
INSERT INTO facturas (id_factura, id_reserva, total, fecha_pago, metodo_pago) VALUES (201, 201, 699.62, '2024-11-16', 'Transferencia');
INSERT INTO facturas (id_factura, id_reserva, total, fecha_pago, metodo_pago) VALUES (202, 202, 1084.21, '2025-06-18', 'Tarjeta');
INSERT INTO facturas (id_factura, id_reserva, total, fecha_pago, metodo_pago) VALUES (203, 203, 1413.82, '2024-08-17', 'Transferencia');
INSERT INTO facturas (id_factura, id_reserva, total, fecha_pago, metodo_pago) VALUES (204, 204, 919.93, '2024-08-08', 'Efectivo');
INSERT INTO facturas (id_factura, id_reserva, total, fecha_pago, metodo_pago) VALUES (205, 205, 431.09, '2024-01-16', 'Efectivo');
INSERT INTO facturas (id_factura, id_reserva, total, fecha_pago, metodo_pago) VALUES (206, 206, 710.72, '2024-03-08', 'Efectivo');
INSERT INTO facturas (id_factura, id_reserva, total, fecha_pago, metodo_pago) VALUES (207, 207, 1002.68, '2023-11-08', 'Efectivo');
INSERT INTO facturas (id_factura, id_reserva, total, fecha_pago, metodo_pago) VALUES (208, 208, 1144.0, '2023-08-14', 'Tarjeta');
INSERT INTO facturas (id_factura, id_reserva, total, fecha_pago, metodo_pago) VALUES (209, 209, 1002.91, '2025-01-28', 'Transferencia');
INSERT INTO facturas (id_factura, id_reserva, total, fecha_pago, metodo_pago) VALUES (210, 210, 1140.01, '2025-06-08', 'Tarjeta');
INSERT INTO facturas (id_factura, id_reserva, total, fecha_pago, metodo_pago) VALUES (211, 211, 1353.76, '2024-11-25', 'Tarjeta');
INSERT INTO facturas (id_factura, id_reserva, total, fecha_pago, metodo_pago) VALUES (212, 212, 463.31, '2023-10-05', 'Tarjeta');
INSERT INTO facturas (id_factura, id_reserva, total, fecha_pago, metodo_pago) VALUES (213, 213, 1383.34, '2024-02-22', 'Efectivo');
INSERT INTO facturas (id_factura, id_reserva, total, fecha_pago, metodo_pago) VALUES (214, 214, 578.27, '2024-05-11', 'Efectivo');
INSERT INTO facturas (id_factura, id_reserva, total, fecha_pago, metodo_pago) VALUES (215, 215, 469.82, '2023-12-08', 'Efectivo');
INSERT INTO facturas (id_factura, id_reserva, total, fecha_pago, metodo_pago) VALUES (216, 216, 1496.03, '2024-09-24', 'Tarjeta');
INSERT INTO facturas (id_factura, id_reserva, total, fecha_pago, metodo_pago) VALUES (217, 217, 1154.27, '2025-01-07', 'Efectivo');
INSERT INTO facturas (id_factura, id_reserva, total, fecha_pago, metodo_pago) VALUES (218, 218, 346.37, '2024-02-24', 'Transferencia');
INSERT INTO facturas (id_factura, id_reserva, total, fecha_pago, metodo_pago) VALUES (219, 219, 1422.78, '2023-10-17', 'Efectivo');
INSERT INTO facturas (id_factura, id_reserva, total, fecha_pago, metodo_pago) VALUES (220, 220, 1009.65, '2025-01-08', 'Efectivo');
INSERT INTO facturas (id_factura, id_reserva, total, fecha_pago, metodo_pago) VALUES (221, 221, 289.85, '2024-01-07', 'Tarjeta');
INSERT INTO facturas (id_factura, id_reserva, total, fecha_pago, metodo_pago) VALUES (222, 222, 968.3, '2023-09-12', 'Tarjeta');
INSERT INTO facturas (id_factura, id_reserva, total, fecha_pago, metodo_pago) VALUES (223, 223, 896.27, '2025-04-27', 'Tarjeta');
INSERT INTO facturas (id_factura, id_reserva, total, fecha_pago, metodo_pago) VALUES (224, 224, 1128.85, '2024-10-19', 'Tarjeta');
INSERT INTO facturas (id_factura, id_reserva, total, fecha_pago, metodo_pago) VALUES (225, 225, 1110.82, '2023-11-18', 'Transferencia');
INSERT INTO facturas (id_factura, id_reserva, total, fecha_pago, metodo_pago) VALUES (226, 226, 382.46, '2023-10-03', 'Transferencia');
INSERT INTO facturas (id_factura, id_reserva, total, fecha_pago, metodo_pago) VALUES (227, 227, 1166.98, '2024-08-06', 'Efectivo');
INSERT INTO facturas (id_factura, id_reserva, total, fecha_pago, metodo_pago) VALUES (228, 228, 633.82, '2023-12-18', 'Transferencia');
INSERT INTO facturas (id_factura, id_reserva, total, fecha_pago, metodo_pago) VALUES (229, 229, 1488.69, '2024-02-22', 'Transferencia');
INSERT INTO facturas (id_factura, id_reserva, total, fecha_pago, metodo_pago) VALUES (230, 230, 1237.41, '2025-01-16', 'Tarjeta');
INSERT INTO facturas (id_factura, id_reserva, total, fecha_pago, metodo_pago) VALUES (231, 231, 1196.3, '2024-12-01', 'Efectivo');
INSERT INTO facturas (id_factura, id_reserva, total, fecha_pago, metodo_pago) VALUES (232, 232, 1450.58, '2024-09-29', 'Efectivo');
INSERT INTO facturas (id_factura, id_reserva, total, fecha_pago, metodo_pago) VALUES (233, 233, 300.13, '2024-08-31', 'Efectivo');
INSERT INTO facturas (id_factura, id_reserva, total, fecha_pago, metodo_pago) VALUES (234, 234, 1180.61, '2023-10-17', 'Efectivo');
INSERT INTO facturas (id_factura, id_reserva, total, fecha_pago, metodo_pago) VALUES (235, 235, 1013.91, '2025-04-20', 'Tarjeta');
INSERT INTO facturas (id_factura, id_reserva, total, fecha_pago, metodo_pago) VALUES (236, 236, 488.76, '2024-01-22', 'Efectivo');
INSERT INTO facturas (id_factura, id_reserva, total, fecha_pago, metodo_pago) VALUES (237, 237, 409.27, '2025-04-03', 'Transferencia');
INSERT INTO facturas (id_factura, id_reserva, total, fecha_pago, metodo_pago) VALUES (238, 238, 925.29, '2025-07-17', 'Transferencia');
INSERT INTO facturas (id_factura, id_reserva, total, fecha_pago, metodo_pago) VALUES (239, 239, 928.44, '2023-11-14', 'Transferencia');
INSERT INTO facturas (id_factura, id_reserva, total, fecha_pago, metodo_pago) VALUES (240, 240, 690.18, '2023-08-20', 'Efectivo');
INSERT INTO facturas (id_factura, id_reserva, total, fecha_pago, metodo_pago) VALUES (241, 241, 580.63, '2023-08-25', 'Tarjeta');
INSERT INTO facturas (id_factura, id_reserva, total, fecha_pago, metodo_pago) VALUES (242, 242, 735.66, '2024-10-20', 'Tarjeta');
INSERT INTO facturas (id_factura, id_reserva, total, fecha_pago, metodo_pago) VALUES (243, 243, 332.7, '2024-06-22', 'Transferencia');
INSERT INTO facturas (id_factura, id_reserva, total, fecha_pago, metodo_pago) VALUES (244, 244, 1003.52, '2024-02-07', 'Efectivo');
INSERT INTO facturas (id_factura, id_reserva, total, fecha_pago, metodo_pago) VALUES (245, 245, 802.02, '2024-02-27', 'Tarjeta');
INSERT INTO facturas (id_factura, id_reserva, total, fecha_pago, metodo_pago) VALUES (246, 246, 516.14, '2024-01-19', 'Efectivo');
INSERT INTO facturas (id_factura, id_reserva, total, fecha_pago, metodo_pago) VALUES (247, 247, 972.67, '2024-02-26', 'Transferencia');
INSERT INTO facturas (id_factura, id_reserva, total, fecha_pago, metodo_pago) VALUES (248, 248, 875.62, '2024-05-17', 'Tarjeta');
INSERT INTO facturas (id_factura, id_reserva, total, fecha_pago, metodo_pago) VALUES (249, 249, 1137.48, '2024-04-06', 'Transferencia');
INSERT INTO facturas (id_factura, id_reserva, total, fecha_pago, metodo_pago) VALUES (250, 250, 1242.28, '2024-02-12', 'Tarjeta');
INSERT INTO facturas (id_factura, id_reserva, total, fecha_pago, metodo_pago) VALUES (251, 251, 987.75, '2024-03-26', 'Tarjeta');
INSERT INTO facturas (id_factura, id_reserva, total, fecha_pago, metodo_pago) VALUES (252, 252, 597.02, '2024-08-08', 'Tarjeta');
INSERT INTO facturas (id_factura, id_reserva, total, fecha_pago, metodo_pago) VALUES (253, 253, 705.07, '2024-08-27', 'Tarjeta');
INSERT INTO facturas (id_factura, id_reserva, total, fecha_pago, metodo_pago) VALUES (254, 254, 389.52, '2025-03-29', 'Efectivo');
INSERT INTO facturas (id_factura, id_reserva, total, fecha_pago, metodo_pago) VALUES (255, 255, 1271.89, '2025-01-27', 'Transferencia');
INSERT INTO facturas (id_factura, id_reserva, total, fecha_pago, metodo_pago) VALUES (256, 256, 1113.65, '2024-08-27', 'Efectivo');
INSERT INTO facturas (id_factura, id_reserva, total, fecha_pago, metodo_pago) VALUES (257, 257, 732.82, '2025-03-18', 'Efectivo');
INSERT INTO facturas (id_factura, id_reserva, total, fecha_pago, metodo_pago) VALUES (258, 258, 1203.57, '2025-05-11', 'Transferencia');
INSERT INTO facturas (id_factura, id_reserva, total, fecha_pago, metodo_pago) VALUES (259, 259, 1293.74, '2024-12-04', 'Efectivo');
INSERT INTO facturas (id_factura, id_reserva, total, fecha_pago, metodo_pago) VALUES (260, 260, 952.79, '2025-07-22', 'Transferencia');
INSERT INTO facturas (id_factura, id_reserva, total, fecha_pago, metodo_pago) VALUES (261, 261, 1425.83, '2024-11-13', 'Efectivo');
INSERT INTO facturas (id_factura, id_reserva, total, fecha_pago, metodo_pago) VALUES (262, 262, 370.93, '2024-09-05', 'Transferencia');
INSERT INTO facturas (id_factura, id_reserva, total, fecha_pago, metodo_pago) VALUES (263, 263, 946.46, '2025-01-11', 'Tarjeta');
INSERT INTO facturas (id_factura, id_reserva, total, fecha_pago, metodo_pago) VALUES (264, 264, 705.47, '2024-11-14', 'Efectivo');
INSERT INTO facturas (id_factura, id_reserva, total, fecha_pago, metodo_pago) VALUES (265, 265, 762.99, '2024-07-20', 'Tarjeta');
INSERT INTO facturas (id_factura, id_reserva, total, fecha_pago, metodo_pago) VALUES (266, 266, 389.44, '2024-01-19', 'Efectivo');
INSERT INTO facturas (id_factura, id_reserva, total, fecha_pago, metodo_pago) VALUES (267, 267, 851.05, '2023-11-18', 'Tarjeta');
INSERT INTO facturas (id_factura, id_reserva, total, fecha_pago, metodo_pago) VALUES (268, 268, 809.46, '2023-10-02', 'Transferencia');
INSERT INTO facturas (id_factura, id_reserva, total, fecha_pago, metodo_pago) VALUES (269, 269, 708.77, '2024-05-30', 'Tarjeta');
INSERT INTO facturas (id_factura, id_reserva, total, fecha_pago, metodo_pago) VALUES (270, 270, 1300.23, '2024-02-05', 'Tarjeta');
INSERT INTO facturas (id_factura, id_reserva, total, fecha_pago, metodo_pago) VALUES (271, 271, 1168.16, '2025-02-14', 'Transferencia');
INSERT INTO facturas (id_factura, id_reserva, total, fecha_pago, metodo_pago) VALUES (272, 272, 690.71, '2023-08-05', 'Efectivo');
INSERT INTO facturas (id_factura, id_reserva, total, fecha_pago, metodo_pago) VALUES (273, 273, 1471.44, '2023-09-17', 'Efectivo');
INSERT INTO facturas (id_factura, id_reserva, total, fecha_pago, metodo_pago) VALUES (274, 274, 1200.28, '2025-05-03', 'Tarjeta');
INSERT INTO facturas (id_factura, id_reserva, total, fecha_pago, metodo_pago) VALUES (275, 275, 493.4, '2024-04-02', 'Transferencia');
INSERT INTO facturas (id_factura, id_reserva, total, fecha_pago, metodo_pago) VALUES (276, 276, 1341.38, '2024-10-15', 'Transferencia');
INSERT INTO facturas (id_factura, id_reserva, total, fecha_pago, metodo_pago) VALUES (277, 277, 1016.37, '2024-08-18', 'Tarjeta');
INSERT INTO facturas (id_factura, id_reserva, total, fecha_pago, metodo_pago) VALUES (278, 278, 1414.13, '2024-08-21', 'Efectivo');
INSERT INTO facturas (id_factura, id_reserva, total, fecha_pago, metodo_pago) VALUES (279, 279, 1068.59, '2023-08-13', 'Efectivo');
INSERT INTO facturas (id_factura, id_reserva, total, fecha_pago, metodo_pago) VALUES (280, 280, 1226.49, '2024-03-03', 'Tarjeta');
INSERT INTO facturas (id_factura, id_reserva, total, fecha_pago, metodo_pago) VALUES (281, 281, 894.93, '2024-12-05', 'Transferencia');
INSERT INTO facturas (id_factura, id_reserva, total, fecha_pago, metodo_pago) VALUES (282, 282, 1499.2, '2025-07-03', 'Transferencia');
INSERT INTO facturas (id_factura, id_reserva, total, fecha_pago, metodo_pago) VALUES (283, 283, 1317.41, '2024-10-06', 'Tarjeta');
INSERT INTO facturas (id_factura, id_reserva, total, fecha_pago, metodo_pago) VALUES (284, 284, 1462.82, '2025-03-21', 'Transferencia');
INSERT INTO facturas (id_factura, id_reserva, total, fecha_pago, metodo_pago) VALUES (285, 285, 358.56, '2024-03-06', 'Tarjeta');
INSERT INTO facturas (id_factura, id_reserva, total, fecha_pago, metodo_pago) VALUES (286, 286, 578.51, '2025-07-03', 'Transferencia');
INSERT INTO facturas (id_factura, id_reserva, total, fecha_pago, metodo_pago) VALUES (287, 287, 1360.86, '2025-06-01', 'Efectivo');
INSERT INTO facturas (id_factura, id_reserva, total, fecha_pago, metodo_pago) VALUES (288, 288, 1036.09, '2024-04-28', 'Transferencia');
INSERT INTO facturas (id_factura, id_reserva, total, fecha_pago, metodo_pago) VALUES (289, 289, 1481.71, '2025-07-18', 'Transferencia');
INSERT INTO facturas (id_factura, id_reserva, total, fecha_pago, metodo_pago) VALUES (290, 290, 451.43, '2024-11-29', 'Tarjeta');
INSERT INTO facturas (id_factura, id_reserva, total, fecha_pago, metodo_pago) VALUES (291, 291, 1137.68, '2023-12-12', 'Tarjeta');
INSERT INTO facturas (id_factura, id_reserva, total, fecha_pago, metodo_pago) VALUES (292, 292, 813.9, '2024-10-26', 'Efectivo');
INSERT INTO facturas (id_factura, id_reserva, total, fecha_pago, metodo_pago) VALUES (293, 293, 1138.71, '2024-04-07', 'Tarjeta');
INSERT INTO facturas (id_factura, id_reserva, total, fecha_pago, metodo_pago) VALUES (294, 294, 661.23, '2024-04-02', 'Efectivo');
INSERT INTO facturas (id_factura, id_reserva, total, fecha_pago, metodo_pago) VALUES (295, 295, 1206.94, '2023-12-01', 'Efectivo');
INSERT INTO facturas (id_factura, id_reserva, total, fecha_pago, metodo_pago) VALUES (296, 296, 1304.57, '2024-10-06', 'Transferencia');
INSERT INTO facturas (id_factura, id_reserva, total, fecha_pago, metodo_pago) VALUES (297, 297, 300.93, '2025-05-03', 'Tarjeta');
INSERT INTO facturas (id_factura, id_reserva, total, fecha_pago, metodo_pago) VALUES (298, 298, 1142.53, '2025-06-27', 'Tarjeta');
INSERT INTO facturas (id_factura, id_reserva, total, fecha_pago, metodo_pago) VALUES (299, 299, 945.49, '2025-01-25', 'Tarjeta');
INSERT INTO facturas (id_factura, id_reserva, total, fecha_pago, metodo_pago) VALUES (300, 300, 932.39, '2025-02-11', 'Transferencia');